product_url,product_discontinued,created_at,updated_at,owner_email
,FALSE,04:22.2,27:39.7,npottes0@dedecms.com
https://robohash.org/molestiassintet.png?size=100x100&set=set1,FALSE,13:58.2,39:26.4,rbarosch1@virginia.edu
https://robohash.org/ametanimifugiat.png?size=100x100&set=set1,FALSE,23:34.2,45:41.3,slezemore2@163.com
https://robohash.org/magnamrepellendussint.png?size=100x100&set=set1,FALSE,33:10.2,52:50.2,gjardin3@technorati.com
,FALSE,42:46.2,03:53.3,cshrieve4@bravesites.com
https://robohash.org/magnamperferendisest.png?size=100x100&set=set1,FALSE,52:22.2,53:49.9,wmoss5@cloudflare.com
https://robohash.org/debitisnemoarchitecto.png?size=100x100&set=set1,FALSE,01:58.2,57:00.0,kjosephy6@hugedomains.com
https://robohash.org/autemvelitmolestiae.png?size=100x100&set=set1,FALSE,11:34.2,04:49.0,vwiltshire7@de.vu
,FALSE,21:10.2,26:55.0,vbeedle8@pcworld.com
https://robohash.org/cumqueestveritatis.png?size=100x100&set=set1,FALSE,30:46.2,49:17.1,eluckes9@fema.gov
,FALSE,40:22.2,09:49.3,eiwanczyka@instagram.com
https://robohash.org/sitprovidentporro.png?size=100x100&set=set1,FALSE,49:58.2,13:20.4,hsealeb@tinyurl.com
,FALSE,59:34.2,30:24.3,mthomssonc@hubpages.com
https://robohash.org/nesciuntexcepturiea.png?size=100x100&set=set1,FALSE,09:10.2,01:33.7,jdohertyd@forbes.com
,FALSE,18:46.2,52:04.7,mspittalle@fema.gov
https://robohash.org/aboccaecatisint.png?size=100x100&set=set1,TRUE,28:22.2,17:21.3,kbleimanf@ning.com
https://robohash.org/harumabeum.png?size=100x100&set=set1,FALSE,37:58.2,50:17.0,rreddelg@sitemeter.com
https://robohash.org/pariaturrecusandaepossimus.png?size=100x100&set=set1,FALSE,47:34.2,44:35.9,mhowsonh@earthlink.net
https://robohash.org/doloremqueliberosapiente.png?size=100x100&set=set1,FALSE,57:10.2,30:04.6,mraddenburyi@arizona.edu
https://robohash.org/teneturrepellatomnis.png?size=100x100&set=set1,FALSE,06:46.2,32:37.6,jpowriej@boston.com
https://robohash.org/dolornatusin.png?size=100x100&set=set1,FALSE,16:22.2,33:39.1,sgoszk@squidoo.com
https://robohash.org/autnecessitatibustenetur.png?size=100x100&set=set1,FALSE,25:58.2,40:38.3,aarnholtzl@discovery.com
https://robohash.org/exvoluptasvelit.png?size=100x100&set=set1,FALSE,35:34.2,20:52.0,tmitrovicm@123-reg.co.uk
https://robohash.org/suscipitvoluptatemaliquid.png?size=100x100&set=set1,FALSE,45:10.2,45:55.1,hbeavern@yellowpages.com
https://robohash.org/nihilperferendisnon.png?size=100x100&set=set1,FALSE,54:46.2,45:11.0,kalisono@sourceforge.net
https://robohash.org/ipsummagnamqui.png?size=100x100&set=set1,FALSE,04:22.2,42:05.0,gdurrellp@google.nl
https://robohash.org/adprovidentrecusandae.png?size=100x100&set=set1,FALSE,13:58.2,58:50.9,eblareq@businessinsider.com
https://robohash.org/laborumenimdolorum.png?size=100x100&set=set1,FALSE,23:34.2,45:09.6,kbulteelr@boston.com
,FALSE,33:10.2,37:45.1,bscandrites@digg.com
https://robohash.org/etquaead.png?size=100x100&set=set1,FALSE,42:46.2,13:08.0,krichardint@blogspot.com
https://robohash.org/quietvero.png?size=100x100&set=set1,FALSE,52:22.2,48:02.5,cstreetfieldu@yellowbook.com
https://robohash.org/teneturquasilaudantium.png?size=100x100&set=set1,FALSE,01:58.2,04:14.5,cmckernanv@jimdo.com
https://robohash.org/corporisremexpedita.png?size=100x100&set=set1,FALSE,11:34.2,16:12.0,dhavelinew@google.ca
https://robohash.org/veroestquia.png?size=100x100&set=set1,FALSE,21:10.2,40:56.4,sbehnekex@issuu.com
https://robohash.org/placeatquosquo.png?size=100x100&set=set1,FALSE,30:46.2,26:00.4,jadamecy@aboutads.info
https://robohash.org/estlaborumsed.png?size=100x100&set=set1,FALSE,40:22.2,08:09.8,kbusz@addthis.com
https://robohash.org/natusmodivoluptatem.png?size=100x100&set=set1,FALSE,49:58.2,59:07.1,dulrik10@flickr.com
https://robohash.org/estsuscipitrerum.png?size=100x100&set=set1,FALSE,59:34.2,22:54.9,doxenden11@i2i.jp
https://robohash.org/atautquod.png?size=100x100&set=set1,FALSE,09:10.2,50:00.7,acamacho12@shop-pro.jp
,FALSE,18:46.2,18:25.2,bmoorey13@163.com
https://robohash.org/ipsumsintvoluptatem.png?size=100x100&set=set1,FALSE,28:22.2,00:53.8,ktitmarsh14@tripod.com
,FALSE,37:58.2,15:23.8,gscarlett15@slate.com
https://robohash.org/magnitotamipsum.png?size=100x100&set=set1,FALSE,47:34.2,15:22.7,mstell16@chron.com
https://robohash.org/voluptasvoluptatemoccaecati.png?size=100x100&set=set1,FALSE,57:10.2,20:57.6,iguiot17@flickr.com
https://robohash.org/rerumvoluptatemadipisci.png?size=100x100&set=set1,FALSE,06:46.2,46:36.1,pchappel18@seattletimes.com
https://robohash.org/occaecatidoloremqui.png?size=100x100&set=set1,FALSE,16:22.2,25:37.1,agrimsdith19@yelp.com
https://robohash.org/iustoprovidentmagnam.png?size=100x100&set=set1,FALSE,25:58.2,29:56.5,smassot1a@mapquest.com
https://robohash.org/quiaofficiiset.png?size=100x100&set=set1,TRUE,35:34.2,33:15.0,jstickford1b@cdbaby.com
https://robohash.org/inciduntvoluptatibuseos.png?size=100x100&set=set1,FALSE,45:10.2,24:56.2,mroden1c@hostgator.com
,FALSE,54:46.2,49:19.4,dballe1d@nsw.gov.au
https://robohash.org/harumautemrepellendus.png?size=100x100&set=set1,FALSE,04:22.2,59:13.3,ogiscken1e@reverbnation.com
https://robohash.org/quinostrumnecessitatibus.png?size=100x100&set=set1,FALSE,13:58.2,59:21.8,gwhitehouse1f@weebly.com
https://robohash.org/molestiasperspiciatisconsequatur.png?size=100x100&set=set1,FALSE,23:34.2,51:04.0,krutty1g@mapy.cz
,FALSE,33:10.2,52:08.9,gbigly1h@senate.gov
https://robohash.org/illumpariaturnihil.png?size=100x100&set=set1,FALSE,42:46.2,58:33.1,mheball1i@cloudflare.com
https://robohash.org/idsedvoluptas.png?size=100x100&set=set1,FALSE,52:22.2,02:41.0,adeetch1j@princeton.edu
https://robohash.org/quinonincidunt.png?size=100x100&set=set1,FALSE,01:58.2,55:15.1,msappson1k@scientificamerican.com
https://robohash.org/velitnonquos.png?size=100x100&set=set1,FALSE,11:34.2,04:15.8,nblissitt1l@thetimes.co.uk
https://robohash.org/officiislaudantiumut.png?size=100x100&set=set1,FALSE,21:10.2,20:16.2,jcato1m@skype.com
,FALSE,30:46.2,35:13.2,ehoonahan1n@mayoclinic.com
https://robohash.org/animirerumenim.png?size=100x100&set=set1,FALSE,40:22.2,39:16.8,abalaizot1o@google.es
https://robohash.org/adipiscisaepeperferendis.png?size=100x100&set=set1,FALSE,49:58.2,57:00.2,sboice1p@facebook.com
https://robohash.org/utnihilducimus.png?size=100x100&set=set1,FALSE,59:34.2,29:15.9,cchampken1q@parallels.com
https://robohash.org/autetconsequuntur.png?size=100x100&set=set1,FALSE,09:10.2,03:02.5,knuttall1r@seattletimes.com
https://robohash.org/doloremdoloremquetempore.png?size=100x100&set=set1,FALSE,18:46.2,03:37.9,kbing1s@comsenz.com
,FALSE,28:22.2,06:39.5,lnuth1t@weibo.com
https://robohash.org/cummolestiaeet.png?size=100x100&set=set1,TRUE,37:58.2,40:35.7,gthompkins1u@storify.com
https://robohash.org/faceresintnatus.png?size=100x100&set=set1,FALSE,47:34.2,47:27.8,cpummell1v@time.com
,FALSE,57:10.2,41:47.2,ofumagalli1w@xinhuanet.com
https://robohash.org/optioquidemperferendis.png?size=100x100&set=set1,TRUE,06:46.2,44:19.7,amacrierie1x@yolasite.com
https://robohash.org/doloremvoluptateset.png?size=100x100&set=set1,FALSE,16:22.2,45:22.6,pmacauley1y@ucoz.com
,FALSE,25:58.2,22:42.6,mburchett1z@geocities.jp
https://robohash.org/adipiscinostrumsoluta.png?size=100x100&set=set1,FALSE,35:34.2,04:27.0,vcrummay20@miibeian.gov.cn
https://robohash.org/estquasiest.png?size=100x100&set=set1,FALSE,45:10.2,00:03.9,ybeardshall21@mysql.com
https://robohash.org/sitdoloresplaceat.png?size=100x100&set=set1,FALSE,54:46.2,05:24.8,ngarden22@sitemeter.com
https://robohash.org/magnicumquas.png?size=100x100&set=set1,FALSE,04:22.2,46:34.8,zruspine23@ning.com
,FALSE,13:58.2,27:45.5,twykey24@taobao.com
https://robohash.org/doloresarchitectoculpa.png?size=100x100&set=set1,FALSE,23:34.2,46:16.8,qbarbour25@printfriendly.com
https://robohash.org/quiaofficiaodit.png?size=100x100&set=set1,FALSE,33:10.2,27:59.6,amallabar26@desdev.cn
https://robohash.org/excepturinatusmaiores.png?size=100x100&set=set1,FALSE,42:46.2,48:26.0,mbrient27@mozilla.org
https://robohash.org/consequaturmollitiavoluptates.png?size=100x100&set=set1,FALSE,52:22.2,09:35.6,mdebernardi28@hugedomains.com
https://robohash.org/estquibusdamlaboriosam.png?size=100x100&set=set1,FALSE,01:58.2,27:15.1,stufts29@parallels.com
,FALSE,11:34.2,57:43.3,mbaverstock2a@pinterest.com
https://robohash.org/debitisnobislabore.png?size=100x100&set=set1,FALSE,21:10.2,43:43.8,meshelby2b@dailymail.co.uk
,FALSE,30:46.2,02:56.5,edundendale2c@umn.edu
,FALSE,40:22.2,00:46.0,tpottinger2d@elpais.com
https://robohash.org/eaqueoditut.png?size=100x100&set=set1,FALSE,49:58.2,14:53.6,bsmissen2e@nationalgeographic.com
https://robohash.org/autemutvitae.png?size=100x100&set=set1,FALSE,59:34.2,36:13.1,pburnitt2f@webeden.co.uk
https://robohash.org/sequietdolor.png?size=100x100&set=set1,TRUE,09:10.2,04:46.8,fbatey2g@theatlantic.com
https://robohash.org/incidunterroratque.png?size=100x100&set=set1,FALSE,18:46.2,30:30.2,treedshaw2h@bloglines.com
https://robohash.org/maioreseiusvel.png?size=100x100&set=set1,FALSE,28:22.2,45:45.8,zsiemantel2i@jiathis.com
https://robohash.org/totamabest.png?size=100x100&set=set1,FALSE,37:58.2,31:51.9,femburey2j@samsung.com
,FALSE,47:34.2,39:06.0,eabbatt2k@wiley.com
https://robohash.org/autquisquamlibero.png?size=100x100&set=set1,FALSE,57:10.2,28:03.9,kzoellner2l@answers.com
https://robohash.org/consequunturrepudiandaenobis.png?size=100x100&set=set1,FALSE,06:46.2,14:24.6,sgodman2m@shinystat.com
https://robohash.org/reprehenderitautemnobis.png?size=100x100&set=set1,FALSE,16:22.2,13:28.0,tmawhinney2n@chicagotribune.com
https://robohash.org/nihilpraesentiumveritatis.png?size=100x100&set=set1,FALSE,25:58.2,20:44.7,jmccarl2o@usa.gov
https://robohash.org/autnequererum.png?size=100x100&set=set1,FALSE,35:34.2,56:21.1,ybeswetherick2p@hibu.com
https://robohash.org/istemagnamaliquid.png?size=100x100&set=set1,FALSE,45:10.2,43:28.1,scalafate2q@cloudflare.com
https://robohash.org/quisetaut.png?size=100x100&set=set1,FALSE,54:46.2,55:30.1,adendon2r@nbcnews.com
https://robohash.org/dolorutet.png?size=100x100&set=set1,FALSE,04:22.2,21:15.9,mkears2s@businessweek.com
,FALSE,13:58.2,04:44.2,wjenks2t@msn.com
https://robohash.org/magniminusdignissimos.png?size=100x100&set=set1,FALSE,23:34.2,09:21.6,gsherwyn2u@mapquest.com
https://robohash.org/porrodoloranimi.png?size=100x100&set=set1,FALSE,33:10.2,18:39.5,ribbett2v@engadget.com
https://robohash.org/eumoptioadipisci.png?size=100x100&set=set1,FALSE,42:46.2,11:52.8,tpepi2w@slideshare.net
https://robohash.org/enimdebitisprovident.png?size=100x100&set=set1,FALSE,52:22.2,24:42.4,bhaines2x@altervista.org
https://robohash.org/corporisnumquamplaceat.png?size=100x100&set=set1,FALSE,01:58.2,26:18.2,imarflitt2y@google.cn
https://robohash.org/nemoearumet.png?size=100x100&set=set1,FALSE,11:34.2,45:08.2,emaso2z@ucsd.edu
https://robohash.org/veletin.png?size=100x100&set=set1,FALSE,21:10.2,52:11.4,ipaice30@theatlantic.com
https://robohash.org/undequinumquam.png?size=100x100&set=set1,FALSE,30:46.2,09:59.1,rmassot31@va.gov
https://robohash.org/etevenietquae.png?size=100x100&set=set1,FALSE,40:22.2,53:22.7,dmattioni32@list-manage.com
,FALSE,49:58.2,01:50.7,ssaberton33@1688.com
,FALSE,59:34.2,37:59.0,mquipp34@list-manage.com
https://robohash.org/iustoetab.png?size=100x100&set=set1,FALSE,09:10.2,34:38.6,logarmen35@intel.com
https://robohash.org/eaautvoluptates.png?size=100x100&set=set1,FALSE,18:46.2,39:39.1,eleger36@spiegel.de
https://robohash.org/ametautqui.png?size=100x100&set=set1,FALSE,28:22.2,51:58.5,htrotton37@ask.com
https://robohash.org/estdoloremquequaerat.png?size=100x100&set=set1,FALSE,37:58.2,26:41.7,vlearmount38@sciencedirect.com
https://robohash.org/etteneturvoluptates.png?size=100x100&set=set1,FALSE,47:34.2,44:59.5,mbrauns39@mit.edu
https://robohash.org/idrepudiandaeut.png?size=100x100&set=set1,FALSE,57:10.2,32:26.4,ebentham3a@wikispaces.com
,FALSE,06:46.2,17:30.5,mfallow3b@moonfruit.com
https://robohash.org/quiaaliastemporibus.png?size=100x100&set=set1,FALSE,16:22.2,00:21.7,abister3c@qq.com
https://robohash.org/quiaenimdolorum.png?size=100x100&set=set1,FALSE,25:58.2,27:38.9,gelfe3d@mapy.cz
https://robohash.org/quodsedet.png?size=100x100&set=set1,FALSE,35:34.2,00:42.1,clainton3e@wisc.edu
,FALSE,45:10.2,44:52.1,cshoubridge3f@hp.com
https://robohash.org/eosconsecteturnecessitatibus.png?size=100x100&set=set1,FALSE,54:46.2,48:42.5,dcarrivick3g@usda.gov
,FALSE,04:22.2,44:32.4,jhelsdon3h@devhub.com
https://robohash.org/sitquidemvoluptatem.png?size=100x100&set=set1,FALSE,13:58.2,00:10.3,rteacy3i@hibu.com
https://robohash.org/laboredoloressunt.png?size=100x100&set=set1,FALSE,23:34.2,07:15.7,hzecchi3j@issuu.com
https://robohash.org/autemarchitectovoluptas.png?size=100x100&set=set1,FALSE,33:10.2,49:37.1,cbradley3k@nih.gov
https://robohash.org/uterrortempora.png?size=100x100&set=set1,FALSE,42:46.2,46:01.0,iradley3l@cloudflare.com
https://robohash.org/voluptatemquieum.png?size=100x100&set=set1,FALSE,52:22.2,37:24.4,kchantler3m@blogs.com
https://robohash.org/sintexercitationemaut.png?size=100x100&set=set1,FALSE,01:58.2,59:05.3,lbelfitt3n@ftc.gov
https://robohash.org/asperioresofficiaet.png?size=100x100&set=set1,FALSE,11:34.2,05:23.8,sedelmann3o@tripadvisor.com
https://robohash.org/estadincidunt.png?size=100x100&set=set1,FALSE,21:10.2,41:36.6,nbradbeer3p@diigo.com
https://robohash.org/euminciduntnihil.png?size=100x100&set=set1,FALSE,30:46.2,06:43.4,dgridon3q@wordpress.com
https://robohash.org/facilisetaliquam.png?size=100x100&set=set1,FALSE,40:22.2,54:53.1,hbonnyson3r@storify.com
https://robohash.org/quisestquo.png?size=100x100&set=set1,FALSE,49:58.2,31:42.8,ywickman3s@google.es
https://robohash.org/fugiatfacereea.png?size=100x100&set=set1,FALSE,59:34.2,22:44.7,eluparto3t@wordpress.com
https://robohash.org/utsedqui.png?size=100x100&set=set1,FALSE,09:10.2,14:35.6,qphelipeaux3u@bloglovin.com
https://robohash.org/illoametsint.png?size=100x100&set=set1,FALSE,18:46.2,47:31.9,wmanchett3v@sitemeter.com
https://robohash.org/temporadeseruntnon.png?size=100x100&set=set1,FALSE,28:22.2,44:39.7,sbaudts3w@google.ca
https://robohash.org/eossaepeet.png?size=100x100&set=set1,FALSE,37:58.2,22:28.3,sharwell3x@deliciousdays.com
,FALSE,47:34.2,06:21.2,ptorrese3y@illinois.edu
,FALSE,57:10.2,48:04.3,cvernau3z@cdbaby.com
https://robohash.org/molestiaefugaconsequatur.png?size=100x100&set=set1,FALSE,06:46.2,28:27.6,vdennis40@guardian.co.uk
https://robohash.org/estdolorvoluptatibus.png?size=100x100&set=set1,FALSE,16:22.2,04:53.2,rmacgahy41@samsung.com
https://robohash.org/dolorporronon.png?size=100x100&set=set1,FALSE,25:58.2,25:31.7,vbienvenu42@accuweather.com
https://robohash.org/recusandaesaepeminus.png?size=100x100&set=set1,FALSE,35:34.2,52:51.5,rhlavac43@fotki.com
,FALSE,45:10.2,21:36.4,awapples44@answers.com
https://robohash.org/possimusquasiconsequuntur.png?size=100x100&set=set1,TRUE,54:46.2,25:10.2,ckeppy45@weibo.com
https://robohash.org/isteillout.png?size=100x100&set=set1,FALSE,04:22.2,28:42.8,dsalzberg46@cargocollective.com
https://robohash.org/eoscommodiaccusantium.png?size=100x100&set=set1,FALSE,13:58.2,01:56.1,cmarrows47@wiley.com
,FALSE,23:34.2,35:03.7,sbyers48@omniture.com
,FALSE,33:10.2,57:13.1,dwoollard49@lulu.com
,FALSE,42:46.2,07:26.8,groskrug4a@rakuten.co.jp
,FALSE,52:22.2,28:09.0,spresslie4b@wisc.edu
https://robohash.org/remrationeipsa.png?size=100x100&set=set1,FALSE,01:58.2,29:38.4,hbrabant4c@infoseek.co.jp
,FALSE,11:34.2,13:26.1,lcobbled4d@narod.ru
https://robohash.org/voluptasestaut.png?size=100x100&set=set1,FALSE,21:10.2,15:35.8,rbirkett4e@yahoo.co.jp
https://robohash.org/eosharumest.png?size=100x100&set=set1,FALSE,30:46.2,24:08.7,tbroome4f@chron.com
https://robohash.org/veliteaqueaccusantium.png?size=100x100&set=set1,FALSE,40:22.2,21:48.5,aesposi4g@rakuten.co.jp
,FALSE,49:58.2,02:56.7,iacland4h@sourceforge.net
https://robohash.org/exercitationemquosequi.png?size=100x100&set=set1,FALSE,59:34.2,19:54.4,ctrickett4i@qq.com
,FALSE,09:10.2,36:42.9,sbrayshay4j@uol.com.br
,FALSE,18:46.2,24:58.5,dbeedon4k@prnewswire.com
https://robohash.org/consequaturnisivelit.png?size=100x100&set=set1,FALSE,28:22.2,58:17.7,tchillingworth4l@theguardian.com
https://robohash.org/assumendaomnisfacilis.png?size=100x100&set=set1,FALSE,37:58.2,01:38.1,gloynes4m@accuweather.com
https://robohash.org/autemvoluptatemadipisci.png?size=100x100&set=set1,FALSE,47:34.2,48:02.4,bgusticke4n@mail.ru
,FALSE,57:10.2,02:54.7,sgannon4o@cnn.com
https://robohash.org/quasiquiaullam.png?size=100x100&set=set1,FALSE,06:46.2,47:50.0,dstonestreet4p@ca.gov
https://robohash.org/temporibusrepellendusveritatis.png?size=100x100&set=set1,TRUE,16:22.2,21:42.0,dwalaron4q@ehow.com
https://robohash.org/quisoditsed.png?size=100x100&set=set1,FALSE,25:58.2,12:16.7,dcapelin4r@businessweek.com
https://robohash.org/autreprehenderitquibusdam.png?size=100x100&set=set1,FALSE,35:34.2,04:48.4,dvasovic4s@yale.edu
,FALSE,45:10.2,07:45.5,sdallaghan4t@spotify.com
,FALSE,54:46.2,25:23.9,fdionisetto4u@de.vu
https://robohash.org/eumofficiadeleniti.png?size=100x100&set=set1,FALSE,04:22.2,30:48.7,aelwood4v@ed.gov
https://robohash.org/doloremquesedrepellendus.png?size=100x100&set=set1,FALSE,13:58.2,59:33.9,dholbury4w@booking.com
https://robohash.org/doloremenimminima.png?size=100x100&set=set1,FALSE,23:34.2,31:57.5,cvance4x@seesaa.net
,FALSE,33:10.2,29:32.6,mmcfeate4y@issuu.com
https://robohash.org/natusdoloresqui.png?size=100x100&set=set1,FALSE,42:46.2,10:15.3,nrittelmeyer4z@samsung.com
https://robohash.org/omnismolestiaevoluptatum.png?size=100x100&set=set1,FALSE,52:22.2,26:38.5,amcpike50@nasa.gov
https://robohash.org/autetdeserunt.png?size=100x100&set=set1,FALSE,01:58.2,08:56.4,ineljes51@reuters.com
https://robohash.org/estreiciendisofficiis.png?size=100x100&set=set1,FALSE,11:34.2,04:01.2,bkrysztofiak52@thetimes.co.uk
https://robohash.org/voluptasplaceatautem.png?size=100x100&set=set1,FALSE,21:10.2,08:17.7,hlazare53@addthis.com
https://robohash.org/corporismolestiasfacilis.png?size=100x100&set=set1,FALSE,30:46.2,29:58.5,ihaylett54@salon.com
https://robohash.org/veritatisrepellenduserror.png?size=100x100&set=set1,FALSE,40:22.2,25:16.5,jsuggey55@goodreads.com
,FALSE,49:58.2,48:47.2,ejarret56@mlb.com
https://robohash.org/asperioreslaudantiumalias.png?size=100x100&set=set1,TRUE,59:34.2,21:06.3,isteggals57@discuz.net
https://robohash.org/ipsametet.png?size=100x100&set=set1,FALSE,09:10.2,36:00.0,sgudahy58@meetup.com
https://robohash.org/veritatislaborumquia.png?size=100x100&set=set1,FALSE,18:46.2,32:18.5,gpitrasso59@is.gd
https://robohash.org/reprehenderitesseenim.png?size=100x100&set=set1,FALSE,28:22.2,32:20.6,cmartinon5a@reverbnation.com
https://robohash.org/illonostrumvoluptas.png?size=100x100&set=set1,FALSE,37:58.2,11:22.8,lnation5b@irs.gov
,FALSE,47:34.2,28:41.2,mhardstaff5c@loc.gov
https://robohash.org/fugitexplicabotempore.png?size=100x100&set=set1,FALSE,57:10.2,55:49.3,cbenedicte5d@irs.gov
https://robohash.org/dolorquiplaceat.png?size=100x100&set=set1,FALSE,06:46.2,11:22.9,rodby5e@samsung.com
https://robohash.org/estquiaut.png?size=100x100&set=set1,FALSE,16:22.2,54:37.5,kcullum5f@yolasite.com
https://robohash.org/possimusetalias.png?size=100x100&set=set1,FALSE,25:58.2,50:38.4,edecastelain5g@weibo.com
https://robohash.org/eosistepraesentium.png?size=100x100&set=set1,FALSE,35:34.2,38:03.1,atrowsdale5h@paginegialle.it
https://robohash.org/voluptatesautatque.png?size=100x100&set=set1,FALSE,45:10.2,57:32.2,gleachman5i@nbcnews.com
https://robohash.org/laboreiustodistinctio.png?size=100x100&set=set1,FALSE,54:46.2,44:01.7,pcornhill5j@wikia.com
https://robohash.org/quisetin.png?size=100x100&set=set1,FALSE,04:22.2,24:29.9,wmocher5k@amazon.de
https://robohash.org/undequasdolorem.png?size=100x100&set=set1,FALSE,13:58.2,24:37.2,khargreves5l@lulu.com
https://robohash.org/consecteturcorruptifugiat.png?size=100x100&set=set1,FALSE,23:34.2,32:42.8,kkohn5m@ehow.com
https://robohash.org/estexercitationemvoluptatem.png?size=100x100&set=set1,FALSE,33:10.2,56:07.0,dcurneen5n@eventbrite.com
https://robohash.org/autemdolorsed.png?size=100x100&set=set1,TRUE,42:46.2,31:56.5,rcapron5o@google.es
https://robohash.org/modiprovidentoptio.png?size=100x100&set=set1,FALSE,52:22.2,31:53.4,rcorkill5p@unesco.org
https://robohash.org/cumquecommodiearum.png?size=100x100&set=set1,FALSE,01:58.2,59:13.3,alefeaver5q@google.com.br
https://robohash.org/voluptatemeiusunde.png?size=100x100&set=set1,FALSE,11:34.2,39:15.9,kcutcliffe5r@macromedia.com
https://robohash.org/occaecatiillumsit.png?size=100x100&set=set1,FALSE,21:10.2,32:18.2,kdenziloe5s@dion.ne.jp
https://robohash.org/etsolutaquia.png?size=100x100&set=set1,FALSE,30:46.2,10:07.6,bagg5t@loc.gov
https://robohash.org/veniamquiincidunt.png?size=100x100&set=set1,FALSE,40:22.2,49:52.2,dmanoelli5u@mail.ru
https://robohash.org/veroducimuset.png?size=100x100&set=set1,FALSE,49:58.2,53:00.9,mfinlayson5v@mayoclinic.com
https://robohash.org/oditautfacere.png?size=100x100&set=set1,FALSE,59:34.2,30:16.0,asands5w@wikispaces.com
https://robohash.org/iddebitisrerum.png?size=100x100&set=set1,FALSE,09:10.2,30:50.4,rsafont5x@cdc.gov
https://robohash.org/vitaeautsaepe.png?size=100x100&set=set1,FALSE,18:46.2,04:15.5,kcrinson5y@businessinsider.com
https://robohash.org/voluptatemutet.png?size=100x100&set=set1,FALSE,28:22.2,51:20.5,ngrishakin5z@xing.com
https://robohash.org/aperiamliberodebitis.png?size=100x100&set=set1,FALSE,37:58.2,10:55.6,kgussie60@npr.org
https://robohash.org/laudantiumnihilanimi.png?size=100x100&set=set1,FALSE,47:34.2,13:20.6,glease61@businessinsider.com
https://robohash.org/quidictarerum.png?size=100x100&set=set1,FALSE,57:10.2,58:47.4,cbranton62@dailymail.co.uk
https://robohash.org/nonperferendisreiciendis.png?size=100x100&set=set1,FALSE,06:46.2,40:58.4,rhavoc63@soundcloud.com
https://robohash.org/placeatinaut.png?size=100x100&set=set1,FALSE,16:22.2,59:11.8,swilkes64@pagesperso-orange.fr
https://robohash.org/voluptatesporroaspernatur.png?size=100x100&set=set1,FALSE,25:58.2,14:24.3,smasdin65@admin.ch
https://robohash.org/vitaedistinctiotenetur.png?size=100x100&set=set1,FALSE,35:34.2,15:04.0,rrohmer66@cbc.ca
https://robohash.org/cumharumet.png?size=100x100&set=set1,FALSE,45:10.2,34:29.4,rbalwin67@illinois.edu
https://robohash.org/rerumlaborumvelit.png?size=100x100&set=set1,FALSE,54:46.2,14:07.3,ddorrell68@google.com.br
https://robohash.org/laborummollitiaperspiciatis.png?size=100x100&set=set1,FALSE,04:22.2,11:03.7,rhaughian69@umich.edu
https://robohash.org/laboreipsaneque.png?size=100x100&set=set1,FALSE,13:58.2,17:34.1,harchdeacon6a@dyndns.org
https://robohash.org/deseruntconsequunturquas.png?size=100x100&set=set1,FALSE,23:34.2,09:55.7,cdoleman6b@meetup.com
https://robohash.org/cumlaboreeligendi.png?size=100x100&set=set1,FALSE,33:10.2,40:54.1,klarimer6c@comsenz.com
https://robohash.org/idvelquis.png?size=100x100&set=set1,FALSE,42:46.2,19:19.5,npechold6d@t-online.de
https://robohash.org/delectusadfugit.png?size=100x100&set=set1,FALSE,52:22.2,02:34.5,fsullivan6e@intel.com
https://robohash.org/exercitationemquisquamamet.png?size=100x100&set=set1,FALSE,01:58.2,22:32.6,dearie6f@uiuc.edu
https://robohash.org/etnamvoluptatem.png?size=100x100&set=set1,FALSE,11:34.2,29:05.2,cthayre6g@bigcartel.com
,FALSE,21:10.2,56:18.4,dgwyer6h@de.vu
https://robohash.org/etdistinctioaut.png?size=100x100&set=set1,FALSE,30:46.2,24:08.6,lletteresse6i@hc360.com
https://robohash.org/quiipsumet.png?size=100x100&set=set1,FALSE,40:22.2,14:54.6,nkettlestringes6j@webs.com
,FALSE,49:58.2,39:44.5,nfourcade6k@gnu.org
https://robohash.org/iustovoluptasexpedita.png?size=100x100&set=set1,FALSE,59:34.2,00:27.1,wdavenhill6l@friendfeed.com
,FALSE,09:10.2,11:44.4,jskevington6m@over-blog.com
,FALSE,18:46.2,10:45.1,acasetta6n@economist.com
https://robohash.org/veritatisuteius.png?size=100x100&set=set1,FALSE,28:22.2,58:52.5,ccrowne6o@elegantthemes.com
,FALSE,37:58.2,59:17.2,apinnion6p@time.com
,FALSE,47:34.2,41:43.4,spawlik6q@phoca.cz
https://robohash.org/voluptatemeligendidelectus.png?size=100x100&set=set1,FALSE,57:10.2,29:59.6,lgullifant6r@sfgate.com
,FALSE,06:46.2,31:41.9,aboffin6s@ucla.edu
https://robohash.org/doloremidrepellat.png?size=100x100&set=set1,FALSE,16:22.2,53:15.7,sfraschini6t@ycombinator.com
https://robohash.org/quidemvoluptatemdolorem.png?size=100x100&set=set1,FALSE,25:58.2,42:31.8,snutt6u@java.com
,FALSE,35:34.2,11:54.7,fcampanelle6v@psu.edu
https://robohash.org/architectoautqui.png?size=100x100&set=set1,FALSE,45:10.2,11:41.8,bmound6w@purevolume.com
,FALSE,54:46.2,29:52.2,aoilier6x@goo.gl
https://robohash.org/inautemminus.png?size=100x100&set=set1,FALSE,04:22.2,54:26.3,gabramowitz6y@unicef.org
https://robohash.org/dolordoloresipsam.png?size=100x100&set=set1,FALSE,13:58.2,08:00.4,iwallington6z@fda.gov
https://robohash.org/iustoquiomnis.png?size=100x100&set=set1,FALSE,23:34.2,47:08.3,gtruter70@adobe.com
https://robohash.org/totamvoluptatemmolestiae.png?size=100x100&set=set1,FALSE,33:10.2,20:03.4,noxteby71@telegraph.co.uk
https://robohash.org/saepedoloremex.png?size=100x100&set=set1,FALSE,42:46.2,52:43.5,amathwen72@utexas.edu
https://robohash.org/iuresintquidem.png?size=100x100&set=set1,TRUE,52:22.2,19:11.1,mpindred73@pcworld.com
https://robohash.org/blanditiisquododit.png?size=100x100&set=set1,FALSE,01:58.2,16:19.4,mcordes74@youtube.com
https://robohash.org/undeetveritatis.png?size=100x100&set=set1,FALSE,11:34.2,13:22.5,edankersley75@paginegialle.it
,FALSE,21:10.2,44:52.0,gnoseworthy76@gnu.org
,TRUE,30:46.2,22:18.2,jlippiett77@shareasale.com
https://robohash.org/errortemporeab.png?size=100x100&set=set1,FALSE,40:22.2,20:56.7,smcvitie78@hud.gov
https://robohash.org/impediterrordistinctio.png?size=100x100&set=set1,FALSE,49:58.2,03:17.7,lginnety79@who.int
,FALSE,59:34.2,33:56.4,rjurczik7a@blogger.com
https://robohash.org/rerumquoofficiis.png?size=100x100&set=set1,FALSE,09:10.2,03:51.4,gvaladez7b@admin.ch
https://robohash.org/eumsedquidem.png?size=100x100&set=set1,FALSE,18:46.2,50:54.6,hsagg7c@bloglovin.com
,FALSE,28:22.2,03:44.9,fdetheridge7d@ocn.ne.jp
https://robohash.org/deseruntfugatemporibus.png?size=100x100&set=set1,FALSE,37:58.2,12:42.4,bmcgiffin7e@plala.or.jp
https://robohash.org/maximeofficiaexcepturi.png?size=100x100&set=set1,FALSE,47:34.2,30:10.9,mheball7f@wix.com
https://robohash.org/voluptassedconsequatur.png?size=100x100&set=set1,FALSE,57:10.2,51:16.9,bmontrose7g@house.gov
https://robohash.org/quideminventorerepudiandae.png?size=100x100&set=set1,FALSE,06:46.2,50:14.3,hdoget7h@dailymotion.com
https://robohash.org/maioreseligendilaudantium.png?size=100x100&set=set1,FALSE,16:22.2,40:40.4,jcowitz7i@prlog.org
https://robohash.org/nonsintaliquam.png?size=100x100&set=set1,FALSE,25:58.2,06:41.2,vbromhead7j@samsung.com
https://robohash.org/estconsecteturet.png?size=100x100&set=set1,FALSE,35:34.2,08:06.9,ijancso7k@dyndns.org
https://robohash.org/quidemvoluptatemaperiam.png?size=100x100&set=set1,FALSE,45:10.2,26:43.6,ahastewell7l@microsoft.com
,FALSE,54:46.2,15:58.5,mfilpi7m@webmd.com
https://robohash.org/nisiundeautem.png?size=100x100&set=set1,FALSE,04:22.2,57:30.7,emullin7n@columbia.edu
https://robohash.org/istevoluptatibusmagni.png?size=100x100&set=set1,FALSE,13:58.2,29:12.9,vgraftonherbert7o@sohu.com
https://robohash.org/architectolaboreofficiis.png?size=100x100&set=set1,FALSE,23:34.2,41:29.4,ajasper7p@dailymotion.com
https://robohash.org/eaquevoluptatemlabore.png?size=100x100&set=set1,FALSE,33:10.2,32:23.5,mdwelly7q@xrea.com
https://robohash.org/essesintdignissimos.png?size=100x100&set=set1,FALSE,42:46.2,08:17.4,jblindermann7r@tmall.com
https://robohash.org/suntquiad.png?size=100x100&set=set1,FALSE,52:22.2,50:16.7,tcanti7s@blogtalkradio.com
,FALSE,01:58.2,12:47.1,shanratty7t@sogou.com
,FALSE,11:34.2,07:11.0,jjedrzejczyk7u@altervista.org
https://robohash.org/rerumutculpa.png?size=100x100&set=set1,FALSE,21:10.2,32:37.5,nlaguerre7v@storify.com
https://robohash.org/autrerumrecusandae.png?size=100x100&set=set1,FALSE,30:46.2,33:12.4,abulbrook7w@nsw.gov.au
https://robohash.org/quidemsimiliquequia.png?size=100x100&set=set1,FALSE,40:22.2,30:06.3,ibezants7x@about.me
https://robohash.org/minimaconsecteturest.png?size=100x100&set=set1,FALSE,49:58.2,50:56.6,sreinger7y@github.io
,FALSE,59:34.2,10:34.0,hpeabody7z@economist.com
https://robohash.org/similiquecommodirecusandae.png?size=100x100&set=set1,FALSE,09:10.2,49:26.8,ccyphus80@eepurl.com
https://robohash.org/accusantiumconsequunturfugit.png?size=100x100&set=set1,FALSE,18:46.2,20:44.9,mhallett81@cdbaby.com
https://robohash.org/utipsamrerum.png?size=100x100&set=set1,FALSE,28:22.2,33:52.5,swride82@tinypic.com
,FALSE,37:58.2,14:53.8,jquincey83@admin.ch
https://robohash.org/exsintquia.png?size=100x100&set=set1,FALSE,47:34.2,33:21.2,vganders84@yandex.ru
https://robohash.org/estquistemporibus.png?size=100x100&set=set1,FALSE,57:10.2,25:19.7,jmclanachan85@cbc.ca
https://robohash.org/ametetdicta.png?size=100x100&set=set1,FALSE,06:46.2,07:23.9,ygiacoboni86@amazon.de
https://robohash.org/quisrepellatdicta.png?size=100x100&set=set1,FALSE,16:22.2,14:15.0,jlacroce87@sun.com
https://robohash.org/utoccaecatiquibusdam.png?size=100x100&set=set1,TRUE,25:58.2,18:18.7,clevee88@toplist.cz
https://robohash.org/temporibusvitaeut.png?size=100x100&set=set1,FALSE,35:34.2,58:43.9,mcortez89@miitbeian.gov.cn
,FALSE,45:10.2,20:12.5,avarney8a@infoseek.co.jp
https://robohash.org/enimvoluptasvoluptates.png?size=100x100&set=set1,FALSE,54:46.2,41:09.0,kreedyhough8b@walmart.com
,FALSE,04:22.2,22:41.4,bleeuwerink8c@tamu.edu
https://robohash.org/similiqueetvel.png?size=100x100&set=set1,FALSE,13:58.2,27:41.4,fgamlen8d@baidu.com
https://robohash.org/expeditadoloresvoluptas.png?size=100x100&set=set1,FALSE,23:34.2,19:51.0,lkaas8e@pagesperso-orange.fr
https://robohash.org/magnirerumet.png?size=100x100&set=set1,FALSE,33:10.2,21:36.8,jweerdenburg8f@elegantthemes.com
https://robohash.org/ipsumdistinctioanimi.png?size=100x100&set=set1,FALSE,42:46.2,31:59.7,emaccrosson8g@google.ru
https://robohash.org/saepefugiatea.png?size=100x100&set=set1,FALSE,52:22.2,52:09.6,jlenahan8h@nydailynews.com
https://robohash.org/quisequiarchitecto.png?size=100x100&set=set1,FALSE,01:58.2,36:19.2,wmcilraith8i@newyorker.com
https://robohash.org/eumvoluptatesdignissimos.png?size=100x100&set=set1,FALSE,11:34.2,22:14.8,rbarensen8j@nytimes.com
https://robohash.org/maximenullaquo.png?size=100x100&set=set1,FALSE,21:10.2,43:32.8,tbarson8k@cnbc.com
https://robohash.org/quisteneturalias.png?size=100x100&set=set1,FALSE,30:46.2,54:29.6,lantoszewski8l@amazon.co.uk
https://robohash.org/enimquaequia.png?size=100x100&set=set1,FALSE,40:22.2,10:03.8,ajura8m@desdev.cn
https://robohash.org/explicaboreminventore.png?size=100x100&set=set1,FALSE,49:58.2,45:56.0,wwastling8n@cnn.com
https://robohash.org/maiorespraesentiumet.png?size=100x100&set=set1,FALSE,59:34.2,20:14.1,chinz8o@oaic.gov.au
https://robohash.org/utvoluptatema.png?size=100x100&set=set1,FALSE,09:10.2,32:42.0,jstook8p@blog.com
https://robohash.org/suntcorporiset.png?size=100x100&set=set1,TRUE,18:46.2,28:12.0,agasticke8q@apache.org
https://robohash.org/consequaturexreiciendis.png?size=100x100&set=set1,FALSE,28:22.2,31:00.2,eabotson8r@stumbleupon.com
https://robohash.org/sapientererumlaboriosam.png?size=100x100&set=set1,FALSE,37:58.2,58:14.1,rquinet8s@list-manage.com
,FALSE,47:34.2,55:59.2,pleil8t@uiuc.edu
,FALSE,57:10.2,42:18.6,sleggon8u@state.gov
https://robohash.org/fugiatdolortenetur.png?size=100x100&set=set1,FALSE,06:46.2,53:54.1,kblue8v@china.com.cn
https://robohash.org/autematquesunt.png?size=100x100&set=set1,FALSE,16:22.2,1/24/21 21:28,dszymczyk8w@naver.com
https://robohash.org/molestiaehicneque.png?size=100x100&set=set1,FALSE,25:58.2,03:26.1,bmesser8x@unc.edu
https://robohash.org/undenamrecusandae.png?size=100x100&set=set1,FALSE,35:34.2,04:19.0,fmacdirmid8y@chronoengine.com
https://robohash.org/similiquesuntet.png?size=100x100&set=set1,FALSE,45:10.2,27:20.5,efish8z@people.com.cn
https://robohash.org/voluptatemtemporemolestias.png?size=100x100&set=set1,FALSE,54:46.2,20:37.1,jcampey90@bloglines.com
https://robohash.org/quiaeumvoluptas.png?size=100x100&set=set1,FALSE,04:22.2,35:04.7,afortoun91@apple.com
https://robohash.org/cumqueatqueexcepturi.png?size=100x100&set=set1,FALSE,13:58.2,40:56.1,twinkless92@deliciousdays.com
https://robohash.org/illoquaeratvoluptatem.png?size=100x100&set=set1,FALSE,23:34.2,33:45.3,slinsey93@nba.com
https://robohash.org/voluptashicnon.png?size=100x100&set=set1,FALSE,33:10.2,31:13.3,toldmeadow94@narod.ru
https://robohash.org/vitaeveniamet.png?size=100x100&set=set1,FALSE,42:46.2,53:39.5,ldudderidge95@cornell.edu
https://robohash.org/quidemcumqueveritatis.png?size=100x100&set=set1,FALSE,52:22.2,02:22.6,gfyfield96@timesonline.co.uk
https://robohash.org/solutadoloremquemollitia.png?size=100x100&set=set1,FALSE,01:58.2,10:57.7,vpalffy97@unblog.fr
https://robohash.org/earumquasiincidunt.png?size=100x100&set=set1,FALSE,11:34.2,57:04.2,lghilardini98@deliciousdays.com
https://robohash.org/praesentiumdoloresnon.png?size=100x100&set=set1,FALSE,21:10.2,48:59.0,ddahlborg99@techcrunch.com
,FALSE,30:46.2,19:11.5,ichurchward9a@cdbaby.com
https://robohash.org/commodidoloresvelit.png?size=100x100&set=set1,FALSE,40:22.2,19:46.4,vriccardo9b@oracle.com
https://robohash.org/autnostrumunde.png?size=100x100&set=set1,FALSE,49:58.2,41:29.5,wkopisch9c@yahoo.co.jp
https://robohash.org/harumnumquamadipisci.png?size=100x100&set=set1,FALSE,59:34.2,33:48.9,dwickie9d@tuttocitta.it
,FALSE,09:10.2,55:47.9,kmerryfield9e@answers.com
https://robohash.org/rerumnequeporro.png?size=100x100&set=set1,FALSE,18:46.2,59:30.6,hbalharry9f@ycombinator.com
https://robohash.org/eaqueharumvero.png?size=100x100&set=set1,FALSE,28:22.2,45:53.0,jwartonby9g@github.com
https://robohash.org/autautemaccusamus.png?size=100x100&set=set1,FALSE,37:58.2,22:28.5,karistide9h@chicagotribune.com
,FALSE,47:34.2,15:42.6,tmaccrackan9i@about.me
https://robohash.org/sitevenietillum.png?size=100x100&set=set1,FALSE,57:10.2,13:20.0,ceathorne9j@globo.com
,FALSE,06:46.2,08:21.2,ipochin9k@toplist.cz
https://robohash.org/delectuspossimusconsequatur.png?size=100x100&set=set1,FALSE,16:22.2,37:59.1,smcinally9l@issuu.com
https://robohash.org/nihilinipsa.png?size=100x100&set=set1,FALSE,25:58.2,40:17.4,fyanyshev9m@icq.com
https://robohash.org/estnostrumex.png?size=100x100&set=set1,FALSE,35:34.2,22:47.1,sgregoraci9n@lycos.com
https://robohash.org/voluptatemnonconsequatur.png?size=100x100&set=set1,FALSE,45:10.2,30:45.3,mcaroll9o@archive.org
https://robohash.org/inventorecumqueconsequatur.png?size=100x100&set=set1,FALSE,54:46.2,58:22.7,tdahlberg9p@dyndns.org
,FALSE,04:22.2,51:05.1,lcomini9q@netlog.com
https://robohash.org/etnumquamdolor.png?size=100x100&set=set1,FALSE,13:58.2,10:48.1,atonnesen9r@usda.gov
https://robohash.org/temporeminuscupiditate.png?size=100x100&set=set1,FALSE,23:34.2,11:34.9,areader9s@census.gov
https://robohash.org/ateoset.png?size=100x100&set=set1,FALSE,33:10.2,52:13.8,cmilvarnie9t@techcrunch.com
https://robohash.org/fugitmolestiaelabore.png?size=100x100&set=set1,FALSE,42:46.2,10:46.5,tstennes9u@elpais.com
https://robohash.org/ducimusutsunt.png?size=100x100&set=set1,FALSE,52:22.2,27:03.7,lroman9v@xing.com
https://robohash.org/facilisillumut.png?size=100x100&set=set1,FALSE,01:58.2,23:06.2,blukins9w@friendfeed.com
https://robohash.org/quimaximenulla.png?size=100x100&set=set1,FALSE,11:34.2,58:25.6,akoubek9x@sakura.ne.jp
https://robohash.org/velitpariaturodio.png?size=100x100&set=set1,FALSE,21:10.2,11:49.6,fgallihawk9y@time.com
https://robohash.org/expeditaasperioresmagni.png?size=100x100&set=set1,FALSE,30:46.2,57:34.3,itrimble9z@jiathis.com
,FALSE,40:22.2,01:20.0,aflannea0@nba.com
,FALSE,49:58.2,17:24.1,clewzeya1@rediff.com
https://robohash.org/placeattenetursit.png?size=100x100&set=set1,FALSE,59:34.2,56:58.9,alegata2@scribd.com
https://robohash.org/autquiquia.png?size=100x100&set=set1,FALSE,09:10.2,39:35.7,loakenfulla3@ameblo.jp
https://robohash.org/animiexcepturifacere.png?size=100x100&set=set1,FALSE,18:46.2,54:23.5,sgosswella4@friendfeed.com
,FALSE,28:22.2,32:55.4,tcarluccioa5@wp.com
,TRUE,37:58.2,49:25.5,aeadya6@drupal.org
https://robohash.org/enimiddeserunt.png?size=100x100&set=set1,FALSE,47:34.2,57:20.2,yhaythornthwaitea7@discuz.net
https://robohash.org/quaemolestiaesapiente.png?size=100x100&set=set1,FALSE,57:10.2,45:28.4,eriglera8@china.com.cn
https://robohash.org/placeatestnemo.png?size=100x100&set=set1,FALSE,06:46.2,46:47.8,rsygrovea9@macromedia.com
https://robohash.org/nonaliasincidunt.png?size=100x100&set=set1,FALSE,16:22.2,54:56.9,swaywellaa@dion.ne.jp
https://robohash.org/quiatemporasit.png?size=100x100&set=set1,FALSE,25:58.2,42:58.2,ldiblingab@wufoo.com
https://robohash.org/aperiamiustoblanditiis.png?size=100x100&set=set1,FALSE,35:34.2,44:26.5,lbuneyac@yolasite.com
https://robohash.org/quiquisvitae.png?size=100x100&set=set1,FALSE,45:10.2,50:17.0,mtullyad@linkedin.com
https://robohash.org/omnisporrovelit.png?size=100x100&set=set1,FALSE,54:46.2,20:56.1,cmauriceae@diigo.com
https://robohash.org/quaeratquiblanditiis.png?size=100x100&set=set1,FALSE,04:22.2,16:53.5,rditteraf@exblog.jp
https://robohash.org/beataeinventoreaut.png?size=100x100&set=set1,FALSE,13:58.2,35:14.9,zpaintenag@cdc.gov
https://robohash.org/sapientecumqueiusto.png?size=100x100&set=set1,FALSE,23:34.2,25:54.4,lshilletoah@homestead.com
https://robohash.org/doloresnamvoluptas.png?size=100x100&set=set1,FALSE,33:10.2,24:53.4,mhardwickeai@w3.org
https://robohash.org/dictaexplicaboaliquid.png?size=100x100&set=set1,FALSE,42:46.2,24:44.2,rmcwhinnieaj@loc.gov
https://robohash.org/repellatvelquas.png?size=100x100&set=set1,FALSE,52:22.2,04:32.2,ewignallak@123-reg.co.uk
https://robohash.org/omnisnonarchitecto.png?size=100x100&set=set1,FALSE,01:58.2,43:07.7,ascoreyal@jiathis.com
https://robohash.org/ullamnullaconsectetur.png?size=100x100&set=set1,FALSE,11:34.2,11:54.9,rforsteram@ow.ly
https://robohash.org/quasexercitationemvelit.png?size=100x100&set=set1,FALSE,21:10.2,26:04.3,hsnaddonan@zimbio.com
,FALSE,30:46.2,17:54.2,sdundridgeao@gravatar.com
,FALSE,40:22.2,02:15.1,eivellap@hugedomains.com
https://robohash.org/occaecatiprovidentrepudiandae.png?size=100x100&set=set1,FALSE,49:58.2,28:40.2,arudsdaleaq@soup.io
https://robohash.org/officiisnesciuntvoluptatem.png?size=100x100&set=set1,FALSE,59:34.2,23:15.5,nhubbocksar@merriam-webster.com
https://robohash.org/beataeillumvelit.png?size=100x100&set=set1,FALSE,09:10.2,48:29.5,mlesaunieras@instagram.com
,FALSE,18:46.2,20:34.2,jtrimnellat@oaic.gov.au
,FALSE,28:22.2,35:55.7,himoreau@stanford.edu
https://robohash.org/laudantiumullamut.png?size=100x100&set=set1,FALSE,37:58.2,10:36.7,rduncansonav@cnn.com
https://robohash.org/voluptatemmolestiaein.png?size=100x100&set=set1,FALSE,47:34.2,42:49.2,shumanaw@unesco.org
https://robohash.org/omnisconsequaturquam.png?size=100x100&set=set1,FALSE,57:10.2,42:01.6,gburttax@marketwatch.com
,FALSE,06:46.2,49:42.0,mroozeay@google.fr
https://robohash.org/hicillumrecusandae.png?size=100x100&set=set1,FALSE,16:22.2,44:39.1,rmackelworthaz@mlb.com
https://robohash.org/dolorvoluptasquia.png?size=100x100&set=set1,FALSE,25:58.2,58:55.6,tdymondb0@ucla.edu
https://robohash.org/asperioresfugarepellat.png?size=100x100&set=set1,FALSE,35:34.2,01:43.4,jwiggettb1@infoseek.co.jp
https://robohash.org/sedvoluptatemin.png?size=100x100&set=set1,FALSE,45:10.2,49:23.7,jdesseineb2@chron.com
,FALSE,54:46.2,36:35.4,crobertisb3@youku.com
https://robohash.org/accusantiumimpeditratione.png?size=100x100&set=set1,FALSE,04:22.2,43:44.3,ccloneyb4@people.com.cn
https://robohash.org/auteteum.png?size=100x100&set=set1,FALSE,13:58.2,12:39.2,djennisonb5@elpais.com
https://robohash.org/quiadelenitiad.png?size=100x100&set=set1,TRUE,23:34.2,48:14.9,ccastellacciob6@moonfruit.com
https://robohash.org/sitcorruptinumquam.png?size=100x100&set=set1,FALSE,33:10.2,05:34.6,nkinmanb7@reference.com
https://robohash.org/autemconsequaturnisi.png?size=100x100&set=set1,FALSE,42:46.2,15:56.1,gfaulknerb8@ebay.com
https://robohash.org/quianequeexcepturi.png?size=100x100&set=set1,FALSE,52:22.2,3/3/21 22:15,ipiercyb9@symantec.com
,FALSE,01:58.2,25:16.6,gbisgroveba@yellowbook.com
https://robohash.org/cummollitiaet.png?size=100x100&set=set1,FALSE,11:34.2,55:17.0,itruemanbb@163.com
https://robohash.org/etsimiliquemolestiae.png?size=100x100&set=set1,FALSE,21:10.2,42:48.7,chowgatebc@storify.com
https://robohash.org/sitquiamet.png?size=100x100&set=set1,FALSE,30:46.2,51:40.7,nmunslowbd@nature.com
https://robohash.org/quaealiquiddebitis.png?size=100x100&set=set1,FALSE,40:22.2,48:49.5,voddebe@scribd.com
https://robohash.org/eosfugitquas.png?size=100x100&set=set1,FALSE,49:58.2,13:43.2,evanveldebf@pen.io
https://robohash.org/doloribushicporro.png?size=100x100&set=set1,FALSE,59:34.2,21:42.3,tcheeldbg@disqus.com
https://robohash.org/iustovoluptatesid.png?size=100x100&set=set1,FALSE,09:10.2,45:59.3,ifourcadebh@paginegialle.it
https://robohash.org/recusandaeautexcepturi.png?size=100x100&set=set1,FALSE,18:46.2,38:12.3,csansumbi@ifeng.com
,FALSE,28:22.2,10:20.7,tcollesbj@cnbc.com
https://robohash.org/voluptatumutet.png?size=100x100&set=set1,FALSE,37:58.2,31:36.1,agrininbk@webnode.com
,FALSE,47:34.2,35:31.2,nkahnbl@example.com
https://robohash.org/repudiandaerepellatut.png?size=100x100&set=set1,FALSE,57:10.2,19:00.2,dorisbm@prweb.com
https://robohash.org/etautaliquid.png?size=100x100&set=set1,FALSE,06:46.2,32:42.2,pcrowleybn@mtv.com
https://robohash.org/excepturiveritatisvoluptates.png?size=100x100&set=set1,FALSE,16:22.2,22:45.4,pdennickbo@wikispaces.com
,FALSE,25:58.2,45:06.8,mbohlmannbp@furl.net
https://robohash.org/reiciendisomnisanimi.png?size=100x100&set=set1,FALSE,35:34.2,26:48.7,mleflochbq@accuweather.com
https://robohash.org/facereharumdolorem.png?size=100x100&set=set1,FALSE,45:10.2,24:47.3,kiannuzzibr@usda.gov
https://robohash.org/doloremaccusamusasperiores.png?size=100x100&set=set1,FALSE,54:46.2,19:31.4,rseresbs@aboutads.info
https://robohash.org/sitearumsed.png?size=100x100&set=set1,FALSE,04:22.2,02:21.7,igabbitasbt@dion.ne.jp
https://robohash.org/reprehenderithicexplicabo.png?size=100x100&set=set1,FALSE,13:58.2,40:55.4,terringtonbu@ted.com
https://robohash.org/quisquamexpeditaeveniet.png?size=100x100&set=set1,FALSE,23:34.2,11:40.3,fgathbv@seesaa.net
,FALSE,33:10.2,58:59.8,wyannonibw@archive.org
,FALSE,42:46.2,49:11.9,dmaturabx@oaic.gov.au
https://robohash.org/inipsaodit.png?size=100x100&set=set1,FALSE,52:22.2,13:23.6,kjahnigby@msu.edu
https://robohash.org/repellatnatustempora.png?size=100x100&set=set1,FALSE,01:58.2,14:09.9,htrumpbz@mlb.com
https://robohash.org/dictamaximenecessitatibus.png?size=100x100&set=set1,FALSE,11:34.2,43:20.6,mkingscotec0@amazon.co.uk
https://robohash.org/impeditasperioresvoluptas.png?size=100x100&set=set1,FALSE,21:10.2,31:56.4,lhughc1@i2i.jp
https://robohash.org/quidistinctiopariatur.png?size=100x100&set=set1,FALSE,30:46.2,17:01.2,atremeerc2@state.tx.us
,FALSE,40:22.2,48:56.2,rgirthc3@usgs.gov
https://robohash.org/laudantiumsintfuga.png?size=100x100&set=set1,FALSE,49:58.2,26:29.4,bpittockc4@ed.gov
https://robohash.org/officiisinodit.png?size=100x100&set=set1,FALSE,59:34.2,31:00.7,bmixworthyc5@devhub.com
,FALSE,09:10.2,49:23.6,aembureyc6@flavors.me
https://robohash.org/quasoptioquod.png?size=100x100&set=set1,FALSE,18:46.2,38:45.0,rsanperc7@livejournal.com
,FALSE,28:22.2,14:15.2,bmccarlec8@redcross.org
https://robohash.org/quibusdamnostrumesse.png?size=100x100&set=set1,FALSE,37:58.2,03:44.2,csydryc9@indiegogo.com
,FALSE,47:34.2,00:05.6,jarnoldica@wikia.com
,FALSE,57:10.2,26:22.1,aburrasscb@businessweek.com
https://robohash.org/velitdoloresipsum.png?size=100x100&set=set1,FALSE,06:46.2,14:16.9,akorbacc@e-recht24.de
https://robohash.org/similiquevoluptatibusrerum.png?size=100x100&set=set1,FALSE,16:22.2,11:21.9,jgallifontcd@infoseek.co.jp
https://robohash.org/quiestcorrupti.png?size=100x100&set=set1,FALSE,25:58.2,50:36.0,sjerremsce@mysql.com
,FALSE,35:34.2,02:35.2,gkennacf@amazon.com
https://robohash.org/consequaturquiaeos.png?size=100x100&set=set1,FALSE,45:10.2,23:31.4,mglasscg@icio.us
https://robohash.org/etlaborequis.png?size=100x100&set=set1,FALSE,54:46.2,28:48.7,mhailwoodch@msu.edu
https://robohash.org/etsuscipitlabore.png?size=100x100&set=set1,FALSE,04:22.2,56:37.9,egeorgievci@tinyurl.com
https://robohash.org/temporibusidquo.png?size=100x100&set=set1,FALSE,13:58.2,25:09.5,ibirranecj@naver.com
https://robohash.org/voluptatemrepellatpossimus.png?size=100x100&set=set1,FALSE,23:34.2,35:03.2,cspeddingck@tiny.cc
https://robohash.org/nostrumestdolores.png?size=100x100&set=set1,FALSE,33:10.2,20:21.3,ssteedencl@seattletimes.com
,FALSE,42:46.2,06:20.3,sdeglanvillecm@statcounter.com
https://robohash.org/nullaavoluptatem.png?size=100x100&set=set1,FALSE,52:22.2,56:35.4,amcfaddencn@google.co.jp
https://robohash.org/doloremporrovoluptatibus.png?size=100x100&set=set1,FALSE,01:58.2,24:06.2,ldyneco@feedburner.com
https://robohash.org/molestiaenullaest.png?size=100x100&set=set1,FALSE,11:34.2,47:31.8,fogleviecp@nih.gov
,FALSE,21:10.2,04:48.5,tgoosnellcq@apache.org
https://robohash.org/quiaoccaecatieveniet.png?size=100x100&set=set1,FALSE,30:46.2,59:14.7,cfryattcr@tiny.cc
https://robohash.org/autidqui.png?size=100x100&set=set1,FALSE,40:22.2,11:51.1,bstannuscs@dion.ne.jp
https://robohash.org/quiconsequunturrem.png?size=100x100&set=set1,FALSE,49:58.2,00:20.3,dmacanultyct@berkeley.edu
https://robohash.org/pariaturerrorofficiis.png?size=100x100&set=set1,FALSE,59:34.2,33:51.3,gheyworthcu@csmonitor.com
https://robohash.org/etrerumquos.png?size=100x100&set=set1,FALSE,09:10.2,14:42.5,tplampeyncv@dailymail.co.uk
https://robohash.org/estinciduntdelectus.png?size=100x100&set=set1,FALSE,18:46.2,52:29.4,dnichollscw@icq.com
https://robohash.org/quoslaboreconsequatur.png?size=100x100&set=set1,FALSE,28:22.2,46:38.7,ghabbemacx@vistaprint.com
https://robohash.org/consequunturquasaut.png?size=100x100&set=set1,FALSE,37:58.2,06:35.3,ashoubridgecy@msn.com
https://robohash.org/temporererumaut.png?size=100x100&set=set1,TRUE,47:34.2,51:43.5,lkennioncz@dagondesign.com
,FALSE,57:10.2,53:23.0,ikarped0@cisco.com
https://robohash.org/fugitquisquamaut.png?size=100x100&set=set1,FALSE,06:46.2,56:36.7,ccarnachend1@php.net
https://robohash.org/enimtemporibusalias.png?size=100x100&set=set1,FALSE,16:22.2,30:50.9,zvondrakd2@twitpic.com
https://robohash.org/etetnihil.png?size=100x100&set=set1,FALSE,25:58.2,40:22.8,cbenardetted3@mapy.cz
https://robohash.org/voluptassedvoluptas.png?size=100x100&set=set1,FALSE,35:34.2,35:27.0,jcobbaldd4@multiply.com
https://robohash.org/quianequeut.png?size=100x100&set=set1,TRUE,45:10.2,10:57.8,mpeacheyd5@imageshack.us
,FALSE,54:46.2,39:18.0,fbearnd6@dedecms.com
,FALSE,04:22.2,42:07.9,vcescod7@imageshack.us
,FALSE,13:58.2,48:35.2,egynnd8@ehow.com
https://robohash.org/voluptasrationereiciendis.png?size=100x100&set=set1,FALSE,23:34.2,14:19.1,bmicklewiczd9@wiley.com
https://robohash.org/iustodelenitisapiente.png?size=100x100&set=set1,FALSE,33:10.2,24:38.4,nghionida@jalbum.net
,FALSE,42:46.2,53:34.3,klearmontdb@samsung.com
https://robohash.org/voluptatibusaperiamaut.png?size=100x100&set=set1,FALSE,52:22.2,30:38.6,tyarddc@xing.com
,FALSE,01:58.2,01:39.4,bcolvilledd@who.int
,FALSE,11:34.2,49:55.2,vgrundonde@princeton.edu
,FALSE,21:10.2,36:44.9,cdobesondf@ehow.com
https://robohash.org/dolorfugitvoluptas.png?size=100x100&set=set1,FALSE,30:46.2,08:42.8,kmosdilldg@netvibes.com
https://robohash.org/sedvelitnon.png?size=100x100&set=set1,FALSE,40:22.2,42:01.6,bwhimpennydh@edublogs.org
https://robohash.org/molestiasquasincidunt.png?size=100x100&set=set1,FALSE,49:58.2,10:24.2,lagentdi@ibm.com
,FALSE,59:34.2,21:30.5,lskynerdj@bloomberg.com
,FALSE,09:10.2,47:53.6,charvettdk@cisco.com
https://robohash.org/perferendissequiet.png?size=100x100&set=set1,FALSE,18:46.2,34:34.8,rjoyntdl@1688.com
https://robohash.org/quosplaceatquae.png?size=100x100&set=set1,FALSE,28:22.2,33:31.7,ddewolfedm@nytimes.com
,FALSE,37:58.2,31:39.2,kwestripdn@nsw.gov.au
https://robohash.org/temporasintpariatur.png?size=100x100&set=set1,FALSE,47:34.2,47:05.8,dmaggsdo@hatena.ne.jp
,FALSE,57:10.2,36:50.2,ddockseydp@spiegel.de
,FALSE,06:46.2,45:21.3,makiddq@vkontakte.ru
https://robohash.org/doloresporrosaepe.png?size=100x100&set=set1,FALSE,16:22.2,43:17.9,pgioanidr@example.com
https://robohash.org/autestea.png?size=100x100&set=set1,FALSE,25:58.2,51:00.7,bcausbeyds@japanpost.jp
https://robohash.org/quamlaudantiummaiores.png?size=100x100&set=set1,FALSE,35:34.2,37:57.3,lshepperddt@myspace.com
https://robohash.org/quivoluptasmaxime.png?size=100x100&set=set1,FALSE,45:10.2,30:13.1,kwordsleydu@vkontakte.ru
https://robohash.org/nihilsuntillo.png?size=100x100&set=set1,FALSE,54:46.2,32:43.2,byewendv@simplemachines.org
,FALSE,04:22.2,06:22.8,ksaddletondw@technorati.com
https://robohash.org/quaeratnullaeos.png?size=100x100&set=set1,FALSE,13:58.2,59:03.8,dgoodsaldx@oracle.com
,FALSE,23:34.2,45:33.8,ccorneildy@a8.net
https://robohash.org/undeofficiisiusto.png?size=100x100&set=set1,FALSE,33:10.2,49:43.5,cpaddemoredz@nymag.com
,FALSE,42:46.2,07:00.9,bspindlere0@cisco.com
https://robohash.org/magniquaemolestiae.png?size=100x100&set=set1,FALSE,52:22.2,39:26.8,mmellishe1@cloudflare.com
https://robohash.org/accusamusvoluptateet.png?size=100x100&set=set1,FALSE,01:58.2,48:48.1,tkilmarye2@nps.gov
https://robohash.org/ullamestvitae.png?size=100x100&set=set1,FALSE,11:34.2,22:06.8,merickssene3@gmpg.org
https://robohash.org/namveniamadipisci.png?size=100x100&set=set1,FALSE,21:10.2,28:52.2,cbutcharte4@prnewswire.com
https://robohash.org/praesentiumutat.png?size=100x100&set=set1,FALSE,30:46.2,23:35.1,rmcgralee5@parallels.com
,FALSE,40:22.2,41:35.2,icarmoe6@cocolog-nifty.com
https://robohash.org/accusantiumtotamvoluptas.png?size=100x100&set=set1,FALSE,49:58.2,05:42.1,livermeee7@mit.edu
https://robohash.org/etinlaborum.png?size=100x100&set=set1,FALSE,59:34.2,41:40.4,dmordine8@hugedomains.com
https://robohash.org/undeducimustempora.png?size=100x100&set=set1,FALSE,09:10.2,44:15.6,jcoyishe9@sohu.com
https://robohash.org/repellatsintqui.png?size=100x100&set=set1,FALSE,18:46.2,22:27.6,aalmeidaea@netscape.com
,FALSE,28:22.2,37:50.9,bmcpolineb@hatena.ne.jp
https://robohash.org/adutincidunt.png?size=100x100&set=set1,FALSE,37:58.2,21:27.2,cgirdwoodec@simplemachines.org
https://robohash.org/beataeillout.png?size=100x100&set=set1,FALSE,47:34.2,25:37.3,gclunieed@about.com
https://robohash.org/liberovoluptasrepudiandae.png?size=100x100&set=set1,FALSE,57:10.2,09:42.2,lcocciee@phoca.cz
https://robohash.org/aperiamdoloremfacilis.png?size=100x100&set=set1,FALSE,06:46.2,26:55.2,etraillef@blogger.com
https://robohash.org/commodimollitiaquasi.png?size=100x100&set=set1,TRUE,16:22.2,01:43.9,cgawitheg@issuu.com
https://robohash.org/quiexpeditavoluptates.png?size=100x100&set=set1,FALSE,25:58.2,59:28.6,ekoppeleh@mit.edu
https://robohash.org/veritatisidvoluptatem.png?size=100x100&set=set1,FALSE,35:34.2,15:32.9,oparryei@census.gov
https://robohash.org/omniseaautem.png?size=100x100&set=set1,FALSE,45:10.2,44:53.4,voluneyej@umich.edu
https://robohash.org/autemvelsequi.png?size=100x100&set=set1,FALSE,54:46.2,56:36.6,amumbeyek@time.com
https://robohash.org/adipiscivoluptasenim.png?size=100x100&set=set1,FALSE,04:22.2,59:38.2,shurringel@scribd.com
https://robohash.org/ipsanequeet.png?size=100x100&set=set1,FALSE,13:58.2,52:41.7,mgilbertem@house.gov
https://robohash.org/necessitatibusconsequaturtempora.png?size=100x100&set=set1,FALSE,23:34.2,43:40.7,shofleren@wiley.com
https://robohash.org/earumundetotam.png?size=100x100&set=set1,FALSE,33:10.2,14:28.8,wkynastoneeo@aboutads.info
https://robohash.org/accusamussuntvoluptatem.png?size=100x100&set=set1,FALSE,42:46.2,43:30.3,gsuddardsep@rakuten.co.jp
https://robohash.org/estpossimusipsa.png?size=100x100&set=set1,FALSE,52:22.2,07:18.2,rduerdineq@phpbb.com
https://robohash.org/magnamreprehenderititaque.png?size=100x100&set=set1,FALSE,01:58.2,39:11.3,rbentinger@homestead.com
https://robohash.org/rerumeiusipsam.png?size=100x100&set=set1,FALSE,11:34.2,29:51.7,djoscelynees@furl.net
https://robohash.org/quisquisquamoptio.png?size=100x100&set=set1,TRUE,21:10.2,11:28.9,khoofeet@boston.com
,FALSE,30:46.2,39:57.4,osharplingeu@ask.com
https://robohash.org/omnisfacerequas.png?size=100x100&set=set1,FALSE,40:22.2,48:44.2,cocarmodyev@apple.com
https://robohash.org/nullaarepudiandae.png?size=100x100&set=set1,FALSE,49:58.2,42:49.1,zkeenlaysideew@spiegel.de
https://robohash.org/suntsedexcepturi.png?size=100x100&set=set1,FALSE,59:34.2,07:24.6,rdockeryex@nature.com
https://robohash.org/utquiavel.png?size=100x100&set=set1,FALSE,09:10.2,43:59.7,rtrinbeyey@indiegogo.com
https://robohash.org/doloresestea.png?size=100x100&set=set1,FALSE,18:46.2,01:02.1,bpickoverez@nasa.gov
https://robohash.org/repudiandaevelillum.png?size=100x100&set=set1,FALSE,28:22.2,48:46.0,rsketcherf0@cargocollective.com
https://robohash.org/debitisquisqui.png?size=100x100&set=set1,TRUE,37:58.2,13:01.1,ktranterf1@google.co.jp
https://robohash.org/autemsuntfuga.png?size=100x100&set=set1,FALSE,47:34.2,04:26.2,wgoodgerf2@de.vu
https://robohash.org/quiquosquo.png?size=100x100&set=set1,FALSE,57:10.2,55:03.8,mwychf3@cornell.edu
https://robohash.org/sednatuseligendi.png?size=100x100&set=set1,FALSE,06:46.2,10:02.7,rferrinof4@privacy.gov.au
https://robohash.org/veniamomnispraesentium.png?size=100x100&set=set1,FALSE,16:22.2,30:47.8,sbolstridgef5@prlog.org
https://robohash.org/harumdelenitipraesentium.png?size=100x100&set=set1,FALSE,25:58.2,30:42.5,oseftonf6@msu.edu
https://robohash.org/occaecatisitrerum.png?size=100x100&set=set1,FALSE,35:34.2,56:02.6,jmcreynoldf7@storify.com
,FALSE,45:10.2,52:58.2,soddief8@cargocollective.com
https://robohash.org/doloresteneturdolorem.png?size=100x100&set=set1,FALSE,54:46.2,07:12.8,nbelhomef9@g.co
https://robohash.org/reiciendisnamaccusamus.png?size=100x100&set=set1,FALSE,04:22.2,37:06.3,rainsbyfa@sbwire.com
https://robohash.org/omnisipsaquia.png?size=100x100&set=set1,FALSE,13:58.2,45:35.8,mpuddefootfb@privacy.gov.au
https://robohash.org/teneturautemodio.png?size=100x100&set=set1,FALSE,23:34.2,17:41.7,mcheesefc@list-manage.com
,FALSE,33:10.2,00:17.3,gsharpefd@printfriendly.com
,FALSE,42:46.2,02:55.1,kledsonfe@e-recht24.de
https://robohash.org/dignissimosnonpariatur.png?size=100x100&set=set1,FALSE,52:22.2,55:59.2,ttschersichff@themeforest.net
https://robohash.org/praesentiumquiaeligendi.png?size=100x100&set=set1,FALSE,01:58.2,06:51.5,fstruttonfg@about.com
https://robohash.org/estutmollitia.png?size=100x100&set=set1,FALSE,11:34.2,13:24.6,hkezarfh@csmonitor.com
https://robohash.org/velnatuseaque.png?size=100x100&set=set1,FALSE,21:10.2,17:22.3,asamperfi@creativecommons.org
https://robohash.org/voluptatequoet.png?size=100x100&set=set1,FALSE,30:46.2,01:23.2,ksallisfj@webs.com
https://robohash.org/omniseiusnumquam.png?size=100x100&set=set1,FALSE,40:22.2,25:22.8,aandrivelfk@google.es
https://robohash.org/inventoretemporeratione.png?size=100x100&set=set1,FALSE,49:58.2,47:32.8,bgavefl@businesswire.com
https://robohash.org/velexercitationemest.png?size=100x100&set=set1,FALSE,59:34.2,07:19.1,rfaheyfm@dailymail.co.uk
https://robohash.org/solutainventoread.png?size=100x100&set=set1,FALSE,09:10.2,55:31.7,vellicottfn@slate.com
https://robohash.org/laboreutmaxime.png?size=100x100&set=set1,FALSE,18:46.2,53:14.0,cfolanfo@hugedomains.com
https://robohash.org/rerumquibusdamlaudantium.png?size=100x100&set=set1,FALSE,28:22.2,56:25.2,chanscombfp@bbc.co.uk
https://robohash.org/molestiasdoloremquerepellat.png?size=100x100&set=set1,FALSE,37:58.2,55:25.8,adubosefq@who.int
,FALSE,47:34.2,29:02.1,omaudittfr@hatena.ne.jp
https://robohash.org/eaqueundepariatur.png?size=100x100&set=set1,FALSE,57:10.2,36:50.2,bkidneyfs@themeforest.net
https://robohash.org/suscipitestipsa.png?size=100x100&set=set1,FALSE,06:46.2,14:19.9,vkallft@godaddy.com
https://robohash.org/laudantiumnihilducimus.png?size=100x100&set=set1,FALSE,16:22.2,17:04.4,gwarmanfu@msu.edu
https://robohash.org/nullarerumqui.png?size=100x100&set=set1,FALSE,25:58.2,38:49.4,mniasfv@chron.com
https://robohash.org/doloremcommodiipsa.png?size=100x100&set=set1,FALSE,35:34.2,07:47.8,phaxellfw@auda.org.au
,FALSE,45:10.2,59:42.7,dduchasteaufx@1und1.de
https://robohash.org/ullamreprehenderitvoluptatem.png?size=100x100&set=set1,FALSE,54:46.2,08:07.2,rledstonefy@facebook.com
https://robohash.org/nihilidet.png?size=100x100&set=set1,FALSE,04:22.2,04:00.6,zinglestonfz@angelfire.com
,FALSE,13:58.2,09:39.2,varltg0@cbc.ca
https://robohash.org/sintenimconsequatur.png?size=100x100&set=set1,FALSE,23:34.2,56:59.2,spineg1@myspace.com
https://robohash.org/quiexcepturifugit.png?size=100x100&set=set1,TRUE,33:10.2,24:34.3,mstachinig2@elpais.com
https://robohash.org/veroconsequaturvelit.png?size=100x100&set=set1,FALSE,42:46.2,24:24.9,aorgillg3@tripadvisor.com
https://robohash.org/quiaideum.png?size=100x100&set=set1,FALSE,52:22.2,28:32.1,kdallawayg4@wikia.com
https://robohash.org/quiquisnatus.png?size=100x100&set=set1,TRUE,01:58.2,42:27.8,ckisarg5@cdbaby.com
https://robohash.org/totamdoloribusmaxime.png?size=100x100&set=set1,FALSE,11:34.2,43:09.3,rskitteralg6@google.fr
https://robohash.org/inventoreetenim.png?size=100x100&set=set1,FALSE,21:10.2,24:14.4,kduffettg7@typepad.com
https://robohash.org/suscipiteosest.png?size=100x100&set=set1,FALSE,30:46.2,57:29.9,tmalthouseg8@weather.com
https://robohash.org/iurevoluptatumquo.png?size=100x100&set=set1,FALSE,40:22.2,03:26.5,kbaudinotg9@opera.com
https://robohash.org/providentvoluptasalias.png?size=100x100&set=set1,FALSE,49:58.2,24:10.1,sgiggsga@sfgate.com
https://robohash.org/voluptasrepellatvero.png?size=100x100&set=set1,FALSE,59:34.2,10:42.5,jmixturegb@tmall.com
,FALSE,09:10.2,09:11.0,fokeringc@ucoz.com
https://robohash.org/doloresquosest.png?size=100x100&set=set1,FALSE,18:46.2,46:22.2,bshotboultegd@reuters.com
,FALSE,28:22.2,18:39.1,bslimmge@ning.com
,FALSE,37:58.2,51:28.9,handrichukgf@usgs.gov
,FALSE,47:34.2,06:46.6,aklemmtgg@webeden.co.uk
https://robohash.org/assumendaconsequaturadipisci.png?size=100x100&set=set1,FALSE,57:10.2,58:42.3,stuckgh@blogs.com
https://robohash.org/eaqueeumaut.png?size=100x100&set=set1,FALSE,06:46.2,51:02.7,fabbaygi@engadget.com
https://robohash.org/autlaboriosamillo.png?size=100x100&set=set1,FALSE,16:22.2,08:05.0,vrobillardgj@t-online.de
https://robohash.org/consecteturetipsa.png?size=100x100&set=set1,FALSE,25:58.2,06:26.4,mdurbanngk@nydailynews.com
https://robohash.org/inquaedolor.png?size=100x100&set=set1,FALSE,35:34.2,55:47.5,hgudahygl@com.com
https://robohash.org/similiquemagnidelectus.png?size=100x100&set=set1,FALSE,45:10.2,15:32.2,npossekgm@nymag.com
https://robohash.org/quisnullaaliquam.png?size=100x100&set=set1,FALSE,54:46.2,31:12.4,sdongallgn@yandex.ru
https://robohash.org/temporasapienteminus.png?size=100x100&set=set1,FALSE,04:22.2,39:58.1,naldhousego@wikimedia.org
https://robohash.org/eligendiquodiste.png?size=100x100&set=set1,FALSE,13:58.2,46:24.2,fravenscraftgp@icq.com
,FALSE,23:34.2,52:57.1,dhounsomgq@issuu.com
,FALSE,33:10.2,35:17.0,ynockallsgr@marriott.com
https://robohash.org/omnisodiosunt.png?size=100x100&set=set1,FALSE,42:46.2,07:28.7,mdomaschkegs@istockphoto.com
https://robohash.org/nemosaepenobis.png?size=100x100&set=set1,FALSE,52:22.2,22:31.1,fbiaggioligt@shinystat.com
https://robohash.org/earumetvel.png?size=100x100&set=set1,FALSE,01:58.2,53:28.2,llambardgu@sogou.com
https://robohash.org/aspernaturautet.png?size=100x100&set=set1,FALSE,11:34.2,35:23.6,cpickovergv@amazonaws.com
https://robohash.org/voluptatesaquo.png?size=100x100&set=set1,FALSE,21:10.2,48:03.2,lainsleegw@archive.org
https://robohash.org/ducimusquosest.png?size=100x100&set=set1,FALSE,30:46.2,39:31.8,cmussogx@simplemachines.org
https://robohash.org/delectusaspernaturreiciendis.png?size=100x100&set=set1,FALSE,40:22.2,30:52.8,lvickressgy@archive.org
https://robohash.org/etofficiamolestiae.png?size=100x100&set=set1,FALSE,49:58.2,57:24.3,gchallicumgz@networkadvertising.org
,FALSE,59:34.2,52:58.3,mgriffithsh0@phoca.cz
https://robohash.org/velitfugiateos.png?size=100x100&set=set1,FALSE,09:10.2,25:11.8,ajeffh1@ow.ly
,FALSE,18:46.2,46:01.0,swallerbridgeh2@gmpg.org
https://robohash.org/rerumquiconsequatur.png?size=100x100&set=set1,FALSE,28:22.2,50:22.6,bvanleeuwenh3@wordpress.org
https://robohash.org/voluptatemdolorequis.png?size=100x100&set=set1,FALSE,37:58.2,55:03.1,zeveredh4@wp.com
,FALSE,47:34.2,30:05.7,omcallanh5@theglobeandmail.com
https://robohash.org/mollitiaabut.png?size=100x100&set=set1,FALSE,57:10.2,27:01.2,otomkowiczh6@linkedin.com
https://robohash.org/sitomnismolestias.png?size=100x100&set=set1,FALSE,06:46.2,06:31.3,hshayesh7@buzzfeed.com
https://robohash.org/etsuntquam.png?size=100x100&set=set1,FALSE,16:22.2,20:57.4,kantuschh8@gmpg.org
https://robohash.org/cummagnamincidunt.png?size=100x100&set=set1,FALSE,25:58.2,47:28.6,brobelinh9@artisteer.com
https://robohash.org/quoscorruptiincidunt.png?size=100x100&set=set1,FALSE,35:34.2,14:31.5,bfarnworthha@economist.com
https://robohash.org/velitexcepturiaspernatur.png?size=100x100&set=set1,FALSE,45:10.2,57:11.5,yonghb@shareasale.com
https://robohash.org/consequaturcommodinon.png?size=100x100&set=set1,FALSE,54:46.2,57:46.3,ecrowleyhc@clickbank.net
https://robohash.org/accusantiumautemconsequuntur.png?size=100x100&set=set1,FALSE,04:22.2,38:30.1,mengahd@google.pl
https://robohash.org/consequaturestut.png?size=100x100&set=set1,FALSE,13:58.2,28:29.1,dbaldinhe@macromedia.com
https://robohash.org/architectoaperiamexercitationem.png?size=100x100&set=set1,FALSE,23:34.2,21:14.9,eerrolhf@friendfeed.com
,FALSE,33:10.2,35:33.2,agrangehg@sina.com.cn
,FALSE,42:46.2,45:38.0,elangmanhh@go.com
https://robohash.org/eligendiquitenetur.png?size=100x100&set=set1,FALSE,52:22.2,30:37.6,sbeardmorehi@reddit.com
https://robohash.org/quiaidut.png?size=100x100&set=set1,FALSE,01:58.2,32:22.6,rdablinghj@360.cn
https://robohash.org/ipsamnesciunteos.png?size=100x100&set=set1,FALSE,11:34.2,48:33.5,rwiddowshk@prweb.com
,FALSE,21:10.2,46:34.0,nkoeppkehl@xing.com
https://robohash.org/natusquiavoluptas.png?size=100x100&set=set1,FALSE,30:46.2,09:55.1,lwhelpdalehm@bbb.org
,FALSE,40:22.2,20:35.2,lwoofhn@hugedomains.com
https://robohash.org/quimagnamodit.png?size=100x100&set=set1,FALSE,49:58.2,53:15.5,jlongstaffho@deliciousdays.com
https://robohash.org/accusantiumutvoluptatibus.png?size=100x100&set=set1,FALSE,59:34.2,10:57.8,cphearhp@japanpost.jp
https://robohash.org/impediteiusquasi.png?size=100x100&set=set1,FALSE,09:10.2,33:01.3,tpietaschhq@oaic.gov.au
https://robohash.org/maximerationenostrum.png?size=100x100&set=set1,FALSE,18:46.2,41:10.1,dbeneditehr@instagram.com
https://robohash.org/errorvelittempora.png?size=100x100&set=set1,FALSE,28:22.2,02:16.9,blemarchanths@tmall.com
https://robohash.org/corporisperferendiscupiditate.png?size=100x100&set=set1,FALSE,37:58.2,08:31.7,hmidgelyht@constantcontact.com
https://robohash.org/velitincidunteligendi.png?size=100x100&set=set1,FALSE,47:34.2,19:39.6,jzimmermanhu@amazon.de
,FALSE,57:10.2,54:51.5,akrauzehv@google.cn
https://robohash.org/solutafugadolores.png?size=100x100&set=set1,FALSE,06:46.2,48:12.8,psaldlerhw@webmd.com
https://robohash.org/quidemquiexcepturi.png?size=100x100&set=set1,FALSE,16:22.2,47:25.9,svinsenhx@hud.gov
https://robohash.org/quivelsint.png?size=100x100&set=set1,FALSE,25:58.2,41:42.5,wgrigorianhy@cam.ac.uk
,FALSE,35:34.2,05:43.7,thappshz@fda.gov
https://robohash.org/velitsuntut.png?size=100x100&set=set1,FALSE,45:10.2,56:05.6,lquibelli0@timesonline.co.uk
https://robohash.org/sitdoloreomnis.png?size=100x100&set=set1,FALSE,54:46.2,41:35.5,jlintsi1@tinypic.com
https://robohash.org/estquamvitae.png?size=100x100&set=set1,FALSE,04:22.2,17:35.9,galtofti2@webeden.co.uk
https://robohash.org/ullaministe.png?size=100x100&set=set1,FALSE,13:58.2,29:41.1,asiggensi3@1688.com
https://robohash.org/corporisconsequaturomnis.png?size=100x100&set=set1,TRUE,23:34.2,06:43.6,nbaakei4@gov.uk
https://robohash.org/nonetsapiente.png?size=100x100&set=set1,FALSE,33:10.2,53:42.0,sharwoodi5@cargocollective.com
https://robohash.org/eligendiquosnon.png?size=100x100&set=set1,FALSE,42:46.2,15:54.1,dsquibbsi6@fotki.com
,FALSE,52:22.2,40:47.8,oleaveyi7@exblog.jp
https://robohash.org/sedpraesentiumsit.png?size=100x100&set=set1,FALSE,01:58.2,34:33.1,llaurandi8@disqus.com
https://robohash.org/molestiaeducimusmaiores.png?size=100x100&set=set1,FALSE,11:34.2,26:42.1,cmewisi9@house.gov
https://robohash.org/aliquidlaudantiumab.png?size=100x100&set=set1,FALSE,21:10.2,04:48.7,lsterlandia@dmoz.org
https://robohash.org/fugitperferendiseligendi.png?size=100x100&set=set1,FALSE,30:46.2,34:48.9,ahunnamib@xrea.com
https://robohash.org/sintofficialaboriosam.png?size=100x100&set=set1,FALSE,40:22.2,46:33.5,gwhitlamic@bravesites.com
https://robohash.org/odiolaborummolestiae.png?size=100x100&set=set1,FALSE,49:58.2,21:08.3,darkinid@creativecommons.org
https://robohash.org/consecteturreprehenderitut.png?size=100x100&set=set1,FALSE,59:34.2,22:07.6,hbarnicottie@cmu.edu
,FALSE,09:10.2,40:09.3,jbickerdykeif@chicagotribune.com
https://robohash.org/perspiciatiseiusquidem.png?size=100x100&set=set1,FALSE,18:46.2,02:44.3,dfassmannig@cocolog-nifty.com
https://robohash.org/rationeconsequunturvel.png?size=100x100&set=set1,TRUE,28:22.2,48:00.4,ljuszczykih@ox.ac.uk
,FALSE,37:58.2,32:34.6,vherrievenii@reddit.com
https://robohash.org/cupiditateipsaillo.png?size=100x100&set=set1,FALSE,47:34.2,00:14.2,tjessij@businessinsider.com
https://robohash.org/velitcumquelaudantium.png?size=100x100&set=set1,FALSE,57:10.2,02:08.9,tjobeik@goo.ne.jp
https://robohash.org/extemporeofficia.png?size=100x100&set=set1,FALSE,06:46.2,26:29.3,cburstonil@ning.com
https://robohash.org/teneturdoloremea.png?size=100x100&set=set1,FALSE,16:22.2,48:10.8,sferrarim@ucsd.edu
https://robohash.org/ducimussaepeaccusamus.png?size=100x100&set=set1,FALSE,25:58.2,29:23.7,mmerchantin@netscape.com
https://robohash.org/sitautad.png?size=100x100&set=set1,FALSE,35:34.2,48:49.3,cvideanio@oaic.gov.au
https://robohash.org/minimasedquam.png?size=100x100&set=set1,FALSE,45:10.2,00:24.6,nmarsonip@microsoft.com
https://robohash.org/eumidomnis.png?size=100x100&set=set1,FALSE,54:46.2,50:24.9,kkernleyiq@privacy.gov.au
https://robohash.org/doloremqueatvoluptatem.png?size=100x100&set=set1,FALSE,04:22.2,21:06.9,fcampanelliir@wsj.com
https://robohash.org/laudantiumquidemdoloribus.png?size=100x100&set=set1,FALSE,13:58.2,52:47.2,cgiddinsis@cmu.edu
,FALSE,23:34.2,57:43.0,hfrieseit@behance.net
https://robohash.org/autemquoblanditiis.png?size=100x100&set=set1,FALSE,33:10.2,21:36.6,jfulfordiu@imgur.com
https://robohash.org/consequunturquocommodi.png?size=100x100&set=set1,FALSE,42:46.2,32:41.8,idefreyneiv@statcounter.com
,FALSE,52:22.2,57:18.9,jgoodersoniw@thetimes.co.uk
,FALSE,01:58.2,27:54.4,mbachelorix@foxnews.com
https://robohash.org/adettemporibus.png?size=100x100&set=set1,FALSE,11:34.2,04:41.0,awaytiy@cam.ac.uk
,FALSE,21:10.2,54:10.6,kraymaniz@cbc.ca
https://robohash.org/ducimusmagnamconsequatur.png?size=100x100&set=set1,FALSE,30:46.2,12:30.7,tcovillj0@mapquest.com
https://robohash.org/explicaboutamet.png?size=100x100&set=set1,FALSE,40:22.2,57:37.9,dedelheidj1@pen.io
https://robohash.org/voluptatenecessitatibusaut.png?size=100x100&set=set1,FALSE,49:58.2,06:58.1,ajephcotej2@eepurl.com
https://robohash.org/magnidelectusnisi.png?size=100x100&set=set1,FALSE,59:34.2,17:45.2,fbellochj3@goo.ne.jp
https://robohash.org/eligendiexcepturieum.png?size=100x100&set=set1,TRUE,09:10.2,09:44.5,episcopielloj4@walmart.com
https://robohash.org/odiodolorsed.png?size=100x100&set=set1,FALSE,18:46.2,34:35.6,gecclesallj5@jigsy.com
https://robohash.org/quiareprehenderittemporibus.png?size=100x100&set=set1,FALSE,28:22.2,42:12.6,edefilippoj6@engadget.com
https://robohash.org/earumdictadolorem.png?size=100x100&set=set1,FALSE,37:58.2,53:20.6,lbasterfieldj7@blogger.com
https://robohash.org/utinciduntdolorum.png?size=100x100&set=set1,FALSE,47:34.2,43:27.2,wpithiej8@tripod.com
,FALSE,57:10.2,37:38.8,mkeileyj9@surveymonkey.com
https://robohash.org/verolaborebeatae.png?size=100x100&set=set1,FALSE,06:46.2,55:58.6,siannielloja@infoseek.co.jp
https://robohash.org/autestnon.png?size=100x100&set=set1,FALSE,16:22.2,37:51.0,eclimsonjb@linkedin.com
https://robohash.org/ullamaccusamuslaborum.png?size=100x100&set=set1,TRUE,25:58.2,24:05.3,dturpinjc@chron.com
,FALSE,35:34.2,51:33.4,jberrejd@youtube.com
https://robohash.org/distinctioetsunt.png?size=100x100&set=set1,FALSE,45:10.2,05:42.7,paartsenje@nps.gov
https://robohash.org/aliquamilloatque.png?size=100x100&set=set1,FALSE,54:46.2,16:46.4,gtowljf@guardian.co.uk
,FALSE,04:22.2,59:40.6,amaffezzolijg@youku.com
https://robohash.org/saepeutet.png?size=100x100&set=set1,FALSE,13:58.2,25:51.9,ebolstridgejh@phoca.cz
https://robohash.org/utrepellataut.png?size=100x100&set=set1,FALSE,23:34.2,11:51.6,vwellsmanji@fc2.com
https://robohash.org/liberonihilab.png?size=100x100&set=set1,FALSE,33:10.2,10:29.2,gparkhousejj@guardian.co.uk
https://robohash.org/perspiciatisoptioipsam.png?size=100x100&set=set1,FALSE,42:46.2,54:25.4,wbridiejk@friendfeed.com
https://robohash.org/estminusaut.png?size=100x100&set=set1,FALSE,52:22.2,36:08.9,ctummasuttijl@state.gov
https://robohash.org/consequaturdolorofficia.png?size=100x100&set=set1,FALSE,01:58.2,21:42.7,ksowlejm@hostgator.com
https://robohash.org/etevenietsed.png?size=100x100&set=set1,FALSE,11:34.2,18:47.0,saleswelljn@themeforest.net
,FALSE,21:10.2,40:47.1,nraatzjo@sogou.com
https://robohash.org/quiavoluptateset.png?size=100x100&set=set1,FALSE,30:46.2,52:43.8,amariellejp@tmall.com
https://robohash.org/aliquidmolestiasodio.png?size=100x100&set=set1,FALSE,40:22.2,46:56.1,aramshayjq@digg.com
,FALSE,49:58.2,39:48.9,aebleinjr@amazonaws.com
,FALSE,59:34.2,24:02.3,lklampkjs@weebly.com
https://robohash.org/molestiasconsequunturtotam.png?size=100x100&set=set1,FALSE,09:10.2,35:22.4,gchattersjt@printfriendly.com
,FALSE,18:46.2,07:44.1,mdonnelju@cbsnews.com
,FALSE,28:22.2,51:16.0,mchreejv@geocities.com
https://robohash.org/debitisquidemest.png?size=100x100&set=set1,FALSE,37:58.2,50:58.9,mpassmanjw@cnbc.com
https://robohash.org/eosnullaet.png?size=100x100&set=set1,FALSE,47:34.2,10:09.4,rthomblesonjx@canalblog.com
,FALSE,57:10.2,48:24.6,ggockejy@bbb.org
https://robohash.org/placeattemporefuga.png?size=100x100&set=set1,FALSE,06:46.2,54:29.6,ccantojz@yandex.ru
,FALSE,16:22.2,32:01.9,phubk0@prlog.org
https://robohash.org/autminusquia.png?size=100x100&set=set1,FALSE,25:58.2,44:47.1,glimmingk1@npr.org
https://robohash.org/quisquiaodio.png?size=100x100&set=set1,FALSE,35:34.2,25:34.8,ggorthyk2@infoseek.co.jp
https://robohash.org/namrepudiandaeincidunt.png?size=100x100&set=set1,FALSE,45:10.2,06:40.5,pperrisk3@networksolutions.com
https://robohash.org/doloresvelvelit.png?size=100x100&set=set1,FALSE,54:46.2,20:14.8,gserotk4@cyberchimps.com
https://robohash.org/cumqueeacum.png?size=100x100&set=set1,FALSE,04:22.2,59:20.6,vgarradk5@sakura.ne.jp
https://robohash.org/omnisenimeaque.png?size=100x100&set=set1,FALSE,13:58.2,13:36.4,ddonavank6@nhs.uk
https://robohash.org/invitaedolor.png?size=100x100&set=set1,FALSE,23:34.2,58:42.9,pflegk7@digg.com
,FALSE,33:10.2,26:28.8,mreadettk8@nps.gov
https://robohash.org/utvoluptasmodi.png?size=100x100&set=set1,FALSE,42:46.2,39:40.6,gpiddockk9@over-blog.com
https://robohash.org/nihilveniamesse.png?size=100x100&set=set1,FALSE,52:22.2,45:06.0,fcawka@goo.ne.jp
https://robohash.org/cumquecommodisit.png?size=100x100&set=set1,FALSE,01:58.2,40:58.5,whumpatchkb@smh.com.au
https://robohash.org/iureutvelit.png?size=100x100&set=set1,FALSE,11:34.2,11:58.1,klorainekc@histats.com
https://robohash.org/eiusexplicaboaccusamus.png?size=100x100&set=set1,FALSE,21:10.2,41:33.9,tdiverskd@jigsy.com
https://robohash.org/doloretut.png?size=100x100&set=set1,FALSE,30:46.2,46:37.4,mkoleske@mediafire.com
https://robohash.org/ametdolortempore.png?size=100x100&set=set1,FALSE,40:22.2,35:08.0,dfawcittkf@irs.gov
https://robohash.org/placeatexpeditarepellendus.png?size=100x100&set=set1,FALSE,49:58.2,20:07.8,dcarasskg@ebay.com
https://robohash.org/corruptisuntodio.png?size=100x100&set=set1,FALSE,59:34.2,53:49.5,abreewoodkh@marketwatch.com
https://robohash.org/aetvelit.png?size=100x100&set=set1,FALSE,09:10.2,30:05.8,gscrannyki@netscape.com
https://robohash.org/molestiaequaevoluptate.png?size=100x100&set=set1,FALSE,18:46.2,41:11.9,mseawellkj@apple.com
https://robohash.org/nequemolestiasnon.png?size=100x100&set=set1,FALSE,28:22.2,56:09.5,mmouleskk@cnn.com
https://robohash.org/maximeaddelectus.png?size=100x100&set=set1,FALSE,37:58.2,37:57.1,brabatkl@topsy.com
,FALSE,47:34.2,29:21.1,breynekm@nature.com
https://robohash.org/temporibustotamanimi.png?size=100x100&set=set1,FALSE,57:10.2,44:17.6,dosheakn@cnbc.com
https://robohash.org/autbeataeducimus.png?size=100x100&set=set1,FALSE,06:46.2,15:13.2,flowethko@goo.gl
https://robohash.org/voluptasdoloresodit.png?size=100x100&set=set1,TRUE,16:22.2,29:19.8,eralphskp@bing.com
https://robohash.org/accusamusminuset.png?size=100x100&set=set1,FALSE,25:58.2,16:13.7,evlieskq@scribd.com
,TRUE,35:34.2,59:17.5,erenforthkr@aol.com
https://robohash.org/consequaturexpeditanon.png?size=100x100&set=set1,FALSE,45:10.2,34:10.2,adasparks@fda.gov
https://robohash.org/autmodialiquam.png?size=100x100&set=set1,FALSE,54:46.2,57:10.7,scastlakekt@miitbeian.gov.cn
https://robohash.org/vitaecorruptideleniti.png?size=100x100&set=set1,FALSE,04:22.2,23:16.8,ccourteneyku@lycos.com
https://robohash.org/dolorumvoluptatemdolor.png?size=100x100&set=set1,FALSE,13:58.2,55:57.3,rbackshellkv@discuz.net
,TRUE,23:34.2,03:08.4,ctansillkw@bing.com
https://robohash.org/autsitdolorem.png?size=100x100&set=set1,FALSE,33:10.2,17:55.9,abeardowkx@sitemeter.com
https://robohash.org/voluptassimiliqueex.png?size=100x100&set=set1,FALSE,42:46.2,35:35.9,igrimsdikeky@salon.com
https://robohash.org/voluptatemharumomnis.png?size=100x100&set=set1,FALSE,52:22.2,07:46.2,mwellerkz@diigo.com
https://robohash.org/temporacumqueaut.png?size=100x100&set=set1,TRUE,01:58.2,08:38.4,veldredl0@ameblo.jp
https://robohash.org/facilisexcepturiautem.png?size=100x100&set=set1,FALSE,11:34.2,13:40.6,bhookesl1@tuttocitta.it
https://robohash.org/evenietaccusamusasperiores.png?size=100x100&set=set1,FALSE,21:10.2,58:25.8,rwilnel2@techcrunch.com
https://robohash.org/harumconsequaturvoluptatem.png?size=100x100&set=set1,FALSE,30:46.2,57:34.3,fbyrcherl3@fda.gov
https://robohash.org/laboreexcepturiquidem.png?size=100x100&set=set1,FALSE,40:22.2,37:58.3,jfawdriel4@netvibes.com
https://robohash.org/laborefacilisesse.png?size=100x100&set=set1,FALSE,49:58.2,11:10.3,dwarburtonl5@webnode.com
https://robohash.org/seddistinctiocumque.png?size=100x100&set=set1,FALSE,59:34.2,29:03.0,ppotel6@edublogs.org
,FALSE,09:10.2,41:50.6,hdurberl7@discuz.net
,FALSE,18:46.2,19:52.0,fcarlettil8@si.edu
https://robohash.org/solutaofficiisut.png?size=100x100&set=set1,TRUE,28:22.2,37:01.5,hdawbyl9@friendfeed.com
,FALSE,37:58.2,14:21.2,zdudeniela@webnode.com
https://robohash.org/laudantiumenimcumque.png?size=100x100&set=set1,FALSE,47:34.2,02:34.5,fdelanylb@marketwatch.com
https://robohash.org/sedconsecteturqui.png?size=100x100&set=set1,FALSE,57:10.2,43:21.3,anaveinlc@bbb.org
https://robohash.org/ullammollitiaet.png?size=100x100&set=set1,TRUE,06:46.2,36:46.8,kkernleyld@diigo.com
,FALSE,16:22.2,02:05.6,astorahle@sphinn.com
https://robohash.org/utaccusantiumomnis.png?size=100x100&set=set1,FALSE,25:58.2,26:25.3,srushforthlf@wikispaces.com
https://robohash.org/necessitatibusutaut.png?size=100x100&set=set1,FALSE,35:34.2,13:34.6,ckemmishlg@dyndns.org
https://robohash.org/molestiaeremnecessitatibus.png?size=100x100&set=set1,FALSE,45:10.2,10:32.7,jinwoodlh@comcast.net
https://robohash.org/estquirepellat.png?size=100x100&set=set1,FALSE,54:46.2,45:12.6,jbastowli@diigo.com
,FALSE,04:22.2,53:47.3,hellingsworthlj@usatoday.com
https://robohash.org/aliquidsedpariatur.png?size=100x100&set=set1,FALSE,13:58.2,02:08.0,tguyanlk@salon.com
https://robohash.org/voluptatumexpeditaad.png?size=100x100&set=set1,FALSE,23:34.2,17:44.1,gatherleyll@geocities.com
https://robohash.org/etquiafacilis.png?size=100x100&set=set1,FALSE,33:10.2,19:38.0,kcrickmerlm@aol.com
https://robohash.org/dolornamminima.png?size=100x100&set=set1,TRUE,42:46.2,28:40.5,kmchaleln@dion.ne.jp
https://robohash.org/ipsaetsit.png?size=100x100&set=set1,FALSE,52:22.2,42:20.8,awyldeslo@google.de
https://robohash.org/ullamteneturplaceat.png?size=100x100&set=set1,FALSE,01:58.2,41:09.8,dhordelllp@sphinn.com
https://robohash.org/providentdoloresamet.png?size=100x100&set=set1,FALSE,11:34.2,48:40.5,etribelq@acquirethisname.com
https://robohash.org/ullamestreiciendis.png?size=100x100&set=set1,FALSE,21:10.2,03:21.5,ngibbingslr@go.com
https://robohash.org/exercitationemquodillo.png?size=100x100&set=set1,FALSE,30:46.2,07:49.7,hnaerupls@auda.org.au
https://robohash.org/noneosest.png?size=100x100&set=set1,FALSE,40:22.2,39:58.6,tcarmontlt@tripadvisor.com
https://robohash.org/istequodlibero.png?size=100x100&set=set1,FALSE,49:58.2,57:24.3,gbernoletlu@pagesperso-orange.fr
,FALSE,59:34.2,01:25.7,kgapperlv@sina.com.cn
https://robohash.org/magnamsequicupiditate.png?size=100x100&set=set1,FALSE,09:10.2,11:22.3,lcroysdalelw@slideshare.net
https://robohash.org/quisperspiciatishic.png?size=100x100&set=set1,FALSE,18:46.2,56:01.7,eguitonneaulx@phpbb.com
https://robohash.org/etdistinctioenim.png?size=100x100&set=set1,FALSE,28:22.2,31:26.9,mmontelly@livejournal.com
https://robohash.org/asperioresestharum.png?size=100x100&set=set1,FALSE,37:58.2,11:42.7,dwheowalllz@prweb.com
https://robohash.org/quiaofficiisasperiores.png?size=100x100&set=set1,FALSE,47:34.2,47:43.5,hraffeortym0@vk.com
https://robohash.org/necessitatibusharumatque.png?size=100x100&set=set1,FALSE,57:10.2,11:02.2,mphillotm1@spotify.com
https://robohash.org/ipsavoluptatesplaceat.png?size=100x100&set=set1,FALSE,06:46.2,50:20.5,sgrunnellm2@clickbank.net
https://robohash.org/insintveritatis.png?size=100x100&set=set1,FALSE,16:22.2,54:55.3,vdytem3@4shared.com
https://robohash.org/quodignissimosquis.png?size=100x100&set=set1,FALSE,25:58.2,17:43.2,acostelowm4@marketwatch.com
https://robohash.org/maioresperspiciatisvoluptas.png?size=100x100&set=set1,FALSE,35:34.2,11:14.9,bkeggm5@behance.net
https://robohash.org/sintdebitisquibusdam.png?size=100x100&set=set1,FALSE,45:10.2,17:39.5,vswadonm6@macromedia.com
https://robohash.org/delectusetmollitia.png?size=100x100&set=set1,FALSE,54:46.2,42:31.9,mdubockm7@netvibes.com
https://robohash.org/quiadoloremqueunde.png?size=100x100&set=set1,FALSE,04:22.2,54:50.8,tcoxm8@cocolog-nifty.com
https://robohash.org/utveritatisdolor.png?size=100x100&set=set1,FALSE,13:58.2,02:16.4,mdegiovannim9@smugmug.com
https://robohash.org/recusandaedoloribusest.png?size=100x100&set=set1,FALSE,23:34.2,00:05.3,hheindlma@constantcontact.com
https://robohash.org/quianamillo.png?size=100x100&set=set1,FALSE,33:10.2,51:46.0,swhitbreadmb@pen.io
https://robohash.org/occaecatinobisvitae.png?size=100x100&set=set1,FALSE,42:46.2,42:46.1,jcurromc@vk.com
https://robohash.org/sedsapientedelectus.png?size=100x100&set=set1,FALSE,52:22.2,57:07.2,tgaythorpemd@tiny.cc
,FALSE,01:58.2,41:10.8,gandrolime@com.com
,TRUE,11:34.2,24:57.2,jbeigmf@harvard.edu
https://robohash.org/possimuscupiditateoptio.png?size=100x100&set=set1,FALSE,21:10.2,27:22.8,bglanvillemg@acquirethisname.com
,FALSE,30:46.2,39:10.6,bhartnellmh@usda.gov
https://robohash.org/accusantiumquaeratarchitecto.png?size=100x100&set=set1,FALSE,40:22.2,56:47.9,aducarmemi@ted.com
,FALSE,49:58.2,28:33.1,jconnerlymj@jiathis.com
https://robohash.org/illovoluptatibusrerum.png?size=100x100&set=set1,FALSE,59:34.2,40:05.0,ecaldayroumk@t-online.de
https://robohash.org/voluptatemexcepturinatus.png?size=100x100&set=set1,FALSE,09:10.2,12:53.0,hbilbreyml@google.de
https://robohash.org/evenietautdolorum.png?size=100x100&set=set1,FALSE,18:46.2,03:40.0,cspongmm@gmpg.org
https://robohash.org/atquevoluptatemalias.png?size=100x100&set=set1,TRUE,28:22.2,50:12.7,fleakemn@com.com
https://robohash.org/architectoaperiamdeserunt.png?size=100x100&set=set1,FALSE,37:58.2,57:50.8,gridouttmo@bing.com
https://robohash.org/autemsuscipitrepellendus.png?size=100x100&set=set1,FALSE,47:34.2,13:37.9,amckuemp@cpanel.net
https://robohash.org/voluptatevoluptatesatque.png?size=100x100&set=set1,FALSE,57:10.2,01:48.5,rhrishchenkomq@blogger.com
,FALSE,06:46.2,16:59.0,hborzonemr@businessinsider.com
,FALSE,16:22.2,36:44.9,fbartsms@hp.com
https://robohash.org/totamrecusandaeomnis.png?size=100x100&set=set1,FALSE,25:58.2,29:37.7,flingfootmt@taobao.com
,FALSE,35:34.2,44:10.3,egobelmu@shutterfly.com
https://robohash.org/inciduntvoluptatumqui.png?size=100x100&set=set1,FALSE,45:10.2,58:57.8,lderechtermv@cdc.gov
https://robohash.org/exercitationemcumquequia.png?size=100x100&set=set1,FALSE,54:46.2,42:58.4,fcrosenmw@networkadvertising.org
,FALSE,04:22.2,01:38.4,fconfortmx@opensource.org
,FALSE,13:58.2,37:09.0,dramelotmy@answers.com
https://robohash.org/sitnoniure.png?size=100x100&set=set1,FALSE,23:34.2,42:21.8,ebeckmannmz@wordpress.com
https://robohash.org/quisnonesse.png?size=100x100&set=set1,FALSE,33:10.2,06:53.6,tcasinin0@ameblo.jp
https://robohash.org/providentrepellendusmaxime.png?size=100x100&set=set1,FALSE,42:46.2,17:04.0,tlinnemann1@live.com
https://robohash.org/voluptatemhicaccusamus.png?size=100x100&set=set1,FALSE,52:22.2,48:04.7,kreynoldn2@weather.com
https://robohash.org/necessitatibusblanditiisquis.png?size=100x100&set=set1,FALSE,01:58.2,34:52.0,scoeyn3@aboutads.info
https://robohash.org/cumdelenitinecessitatibus.png?size=100x100&set=set1,FALSE,11:34.2,56:18.4,svaulsn4@archive.org
https://robohash.org/ullamutmagni.png?size=100x100&set=set1,FALSE,21:10.2,28:11.4,lvonderemptenn5@cyberchimps.com
,FALSE,30:46.2,14:10.6,jkleynermansn6@cornell.edu
,FALSE,40:22.2,08:31.9,dkohtern7@nhs.uk
,FALSE,49:58.2,37:34.8,wbastien8@dailymail.co.uk
https://robohash.org/ullameiusquia.png?size=100x100&set=set1,FALSE,59:34.2,27:51.3,gcornishn9@wp.com
https://robohash.org/estdoloremqueharum.png?size=100x100&set=set1,FALSE,09:10.2,55:34.9,llugdenna@europa.eu
,FALSE,18:46.2,55:22.8,benrightnb@fastcompany.com
https://robohash.org/praesentiumetmollitia.png?size=100x100&set=set1,FALSE,28:22.2,05:39.3,rzutenc@123-reg.co.uk
,FALSE,37:58.2,01:16.0,cdartnd@bing.com
,FALSE,47:34.2,48:05.5,hgunterne@mac.com
https://robohash.org/nobiseumenim.png?size=100x100&set=set1,FALSE,57:10.2,16:04.7,lcabreranf@hp.com
https://robohash.org/velitnondolorem.png?size=100x100&set=set1,FALSE,06:46.2,00:09.9,jgleweng@cloudflare.com
https://robohash.org/doloremdeseruntplaceat.png?size=100x100&set=set1,FALSE,16:22.2,59:55.5,ckingcottnh@sina.com.cn
https://robohash.org/quidemteneturomnis.png?size=100x100&set=set1,FALSE,25:58.2,26:45.0,wbrimhamni@sun.com
https://robohash.org/modilaborumomnis.png?size=100x100&set=set1,FALSE,35:34.2,04:40.0,vcherrynj@wikia.com
https://robohash.org/voluptateperferendisconsequatur.png?size=100x100&set=set1,FALSE,45:10.2,21:08.5,ebennitnk@omniture.com
,FALSE,54:46.2,15:47.5,njancarnl@bloomberg.com
,FALSE,04:22.2,07:42.0,layrtonnm@archive.org
,FALSE,13:58.2,02:05.0,zreichhardtnn@washington.edu
https://robohash.org/liberonumquamvelit.png?size=100x100&set=set1,FALSE,23:34.2,47:57.8,phaightonno@dion.ne.jp
https://robohash.org/reiciendisvoluptatesesse.png?size=100x100&set=set1,FALSE,33:10.2,46:05.6,tmcgoogannp@1688.com
,FALSE,42:46.2,14:15.8,gwalsomnq@so-net.ne.jp
,FALSE,52:22.2,58:48.8,pgasperonr@live.com
https://robohash.org/etvelsit.png?size=100x100&set=set1,FALSE,01:58.2,22:25.5,glaffoleylanens@mtv.com
,FALSE,11:34.2,35:13.2,jmerigonnt@cnbc.com
https://robohash.org/natusquiiure.png?size=100x100&set=set1,FALSE,21:10.2,20:40.6,ravrahmnu@dedecms.com
,TRUE,30:46.2,48:38.9,cperreenv@unc.edu
https://robohash.org/utquaeratmaiores.png?size=100x100&set=set1,FALSE,40:22.2,35:54.4,omotionnw@eepurl.com
https://robohash.org/adipiscicorruptiperspiciatis.png?size=100x100&set=set1,FALSE,49:58.2,47:32.6,madicotnx@netlog.com
,FALSE,59:34.2,58:52.4,rcastrony@flickr.com
https://robohash.org/laboreabquia.png?size=100x100&set=set1,FALSE,09:10.2,11:25.4,dbetonnz@nytimes.com
,TRUE,18:46.2,12:32.4,eroomeo0@businesswire.com
,FALSE,28:22.2,05:20.9,ccarlicko1@blogger.com
https://robohash.org/omnisitaquenam.png?size=100x100&set=set1,FALSE,37:58.2,06:04.6,ayourello2@delicious.com
,FALSE,47:34.2,56:09.8,ahubbarto3@chron.com
https://robohash.org/inventorequasvoluptatem.png?size=100x100&set=set1,FALSE,57:10.2,44:12.6,nkohnekeo4@163.com
https://robohash.org/undearchitectoenim.png?size=100x100&set=set1,FALSE,06:46.2,32:13.0,yoruddeno5@t.co
https://robohash.org/eumdolorequo.png?size=100x100&set=set1,FALSE,16:22.2,32:05.3,uhentzelero6@hexun.com
,FALSE,25:58.2,58:15.0,dfolko7@seesaa.net
https://robohash.org/porroconsequaturquia.png?size=100x100&set=set1,FALSE,35:34.2,17:14.7,mbriertono8@ning.com
,FALSE,45:10.2,20:43.6,asanbrooko9@sciencedaily.com
https://robohash.org/maioresodioquis.png?size=100x100&set=set1,FALSE,54:46.2,03:05.7,ljacobsohnoa@gravatar.com
,FALSE,04:22.2,12:44.4,cmorandoob@craigslist.org
https://robohash.org/molestiaeexplicaboillo.png?size=100x100&set=set1,FALSE,13:58.2,46:20.7,rwestelloc@wunderground.com
https://robohash.org/cupiditatevoluptatemnisi.png?size=100x100&set=set1,FALSE,23:34.2,28:51.0,gstonehouseod@sciencedaily.com
,FALSE,33:10.2,01:16.6,spurveysoe@ask.com
,TRUE,42:46.2,35:31.2,rcaudrayof@google.cn
,FALSE,52:22.2,09:29.3,fmichieog@dyndns.org
https://robohash.org/rerumnammagni.png?size=100x100&set=set1,FALSE,01:58.2,38:19.3,estudartoh@cbslocal.com
https://robohash.org/utquoquia.png?size=100x100&set=set1,TRUE,11:34.2,02:57.3,jhinkensoi@angelfire.com
https://robohash.org/adaperiamdoloremque.png?size=100x100&set=set1,FALSE,21:10.2,47:52.0,sabbeyoj@scribd.com
https://robohash.org/molestiaeanimisint.png?size=100x100&set=set1,FALSE,30:46.2,51:36.8,akeydenok@a8.net
https://robohash.org/laborumexcepturiquis.png?size=100x100&set=set1,FALSE,40:22.2,55:20.8,sgleadleol@narod.ru
https://robohash.org/possimusconsecteturmagnam.png?size=100x100&set=set1,FALSE,49:58.2,48:26.5,aburdeom@4shared.com
https://robohash.org/ullamconsecteturaspernatur.png?size=100x100&set=set1,FALSE,59:34.2,23:36.8,dspreadburyon@youtu.be
https://robohash.org/placeatvelitid.png?size=100x100&set=set1,FALSE,09:10.2,05:11.0,khilandoo@newsvine.com
https://robohash.org/esseetsed.png?size=100x100&set=set1,FALSE,18:46.2,37:56.2,tlotteringtonop@ca.gov
https://robohash.org/nostrumdoloremquetempora.png?size=100x100&set=set1,FALSE,28:22.2,17:01.5,oplaskittoq@uol.com.br
https://robohash.org/praesentiumliberoin.png?size=100x100&set=set1,FALSE,37:58.2,08:04.7,lnovkovicor@opera.com
https://robohash.org/laboriosameumasperiores.png?size=100x100&set=set1,FALSE,47:34.2,18:35.8,hlakinos@posterous.com
https://robohash.org/reiciendisquisquamquaerat.png?size=100x100&set=set1,FALSE,57:10.2,35:26.0,jfranssenot@artisteer.com
https://robohash.org/providentadipisciperspiciatis.png?size=100x100&set=set1,FALSE,06:46.2,49:30.7,kahmadou@accuweather.com
https://robohash.org/etfugittempora.png?size=100x100&set=set1,FALSE,16:22.2,17:42.1,ycutsforthov@mozilla.com
https://robohash.org/dolorumdoloremillo.png?size=100x100&set=set1,FALSE,25:58.2,33:14.5,ecockeow@businessinsider.com
https://robohash.org/sitvitaeipsam.png?size=100x100&set=set1,FALSE,35:34.2,57:26.3,tguidelliox@marriott.com
https://robohash.org/voluptatenequererum.png?size=100x100&set=set1,FALSE,45:10.2,04:57.7,athomassinoy@photobucket.com
https://robohash.org/nisinihilperspiciatis.png?size=100x100&set=set1,FALSE,54:46.2,59:06.7,nsquibeoz@surveymonkey.com
https://robohash.org/impeditmaioresaut.png?size=100x100&set=set1,FALSE,04:22.2,52:46.5,celijahp0@bbb.org
https://robohash.org/necessitatibusminimaharum.png?size=100x100&set=set1,FALSE,13:58.2,42:17.7,jgrotep1@about.me
https://robohash.org/itaquenumquamiusto.png?size=100x100&set=set1,FALSE,23:34.2,47:43.6,aparkeyp2@dedecms.com
https://robohash.org/temporibusquamenim.png?size=100x100&set=set1,FALSE,33:10.2,07:53.6,rwhytep3@howstuffworks.com
https://robohash.org/hicassumendaimpedit.png?size=100x100&set=set1,FALSE,42:46.2,56:58.3,mtwiningp4@elpais.com
,FALSE,52:22.2,18:03.4,ehamsherp5@cyberchimps.com
https://robohash.org/aperiamnisieum.png?size=100x100&set=set1,FALSE,01:58.2,23:34.2,iscroggesp6@edublogs.org
https://robohash.org/inciduntomnisquae.png?size=100x100&set=set1,FALSE,11:34.2,01:03.8,pdesseinep7@nature.com
https://robohash.org/temporibuspariaturdeleniti.png?size=100x100&set=set1,FALSE,21:10.2,19:36.4,etythep8@ucoz.ru
https://robohash.org/etevenieterror.png?size=100x100&set=set1,FALSE,30:46.2,29:10.5,alayburnp9@weebly.com
https://robohash.org/beataeconsequatureveniet.png?size=100x100&set=set1,FALSE,40:22.2,30:22.4,jsutheranpa@soundcloud.com
,FALSE,49:58.2,39:38.6,khammandpb@gov.uk
,FALSE,59:34.2,38:41.8,abarajaspc@tuttocitta.it
https://robohash.org/cupiditatesedcorporis.png?size=100x100&set=set1,FALSE,09:10.2,44:14.4,mbarberapd@barnesandnoble.com
https://robohash.org/eavoluptasquo.png?size=100x100&set=set1,FALSE,18:46.2,47:01.9,csnyderpe@de.vu
https://robohash.org/adipisciquasmolestias.png?size=100x100&set=set1,TRUE,28:22.2,37:46.9,bcurlesspf@mac.com
https://robohash.org/inciduntmolestiaesed.png?size=100x100&set=set1,FALSE,37:58.2,00:39.0,saugiepg@zdnet.com
,FALSE,47:34.2,27:52.8,vatthowph@oracle.com
https://robohash.org/namlaboreet.png?size=100x100&set=set1,FALSE,57:10.2,14:25.5,vastillpi@sitemeter.com
https://robohash.org/harumsapientefuga.png?size=100x100&set=set1,FALSE,06:46.2,21:17.6,vinskipppj@miitbeian.gov.cn
https://robohash.org/officiaconsequaturomnis.png?size=100x100&set=set1,FALSE,16:22.2,40:07.9,mwillmanpk@whitehouse.gov
https://robohash.org/quisnullavel.png?size=100x100&set=set1,FALSE,25:58.2,44:48.7,wmauldenpl@yelp.com
https://robohash.org/etminimaaut.png?size=100x100&set=set1,FALSE,35:34.2,17:37.2,mdimeloepm@squarespace.com
,FALSE,45:10.2,43:29.1,nmcinnerypn@washingtonpost.com
,FALSE,54:46.2,12:18.4,ecobonpo@cargocollective.com
,FALSE,04:22.2,51:55.1,sgibbpp@feedburner.com
https://robohash.org/estutlabore.png?size=100x100&set=set1,FALSE,13:58.2,55:01.2,fgellpq@fotki.com
https://robohash.org/quisaspernaturconsequuntur.png?size=100x100&set=set1,FALSE,23:34.2,00:40.3,lbonifacepr@wix.com
https://robohash.org/molestiasdictavoluptatem.png?size=100x100&set=set1,TRUE,33:10.2,03:01.5,mhullahps@1688.com
https://robohash.org/modifacilisaut.png?size=100x100&set=set1,FALSE,42:46.2,04:48.8,sgyteshampt@mozilla.com
https://robohash.org/harumestad.png?size=100x100&set=set1,FALSE,52:22.2,13:15.8,tteesdalepu@admin.ch
https://robohash.org/nesciuntnostrumquo.png?size=100x100&set=set1,FALSE,01:58.2,19:10.2,fmowattpv@slashdot.org
https://robohash.org/autestrerum.png?size=100x100&set=set1,FALSE,11:34.2,15:03.3,slukacspw@examiner.com
https://robohash.org/fugavoluptasculpa.png?size=100x100&set=set1,FALSE,21:10.2,01:06.1,cverdenpx@de.vu
https://robohash.org/fugiatblanditiisexpedita.png?size=100x100&set=set1,FALSE,30:46.2,10:26.5,abowllerpy@arizona.edu
,FALSE,40:22.2,56:55.6,yabramovicpz@twitpic.com
https://robohash.org/etetsapiente.png?size=100x100&set=set1,FALSE,49:58.2,08:54.0,rcorbenq0@ezinearticles.com
https://robohash.org/pariaturlaborumvoluptas.png?size=100x100&set=set1,FALSE,59:34.2,29:26.8,phasluckq1@sourceforge.net
https://robohash.org/quasilaborevoluptatem.png?size=100x100&set=set1,FALSE,09:10.2,59:01.9,ddelazenneq2@amazon.com
https://robohash.org/sittotamaut.png?size=100x100&set=set1,FALSE,18:46.2,52:23.7,gwindousq3@sun.com
https://robohash.org/porroevenietquia.png?size=100x100&set=set1,FALSE,28:22.2,58:57.1,irunchmanq4@flavors.me
https://robohash.org/necessitatibusnatusea.png?size=100x100&set=set1,FALSE,37:58.2,15:24.4,rivanenkovq5@google.ca
https://robohash.org/facerequitempore.png?size=100x100&set=set1,FALSE,47:34.2,03:38.1,acoldtartq6@simplemachines.org
https://robohash.org/quibusdamaliquamet.png?size=100x100&set=set1,FALSE,57:10.2,01:58.4,amcmeekinq7@wufoo.com
https://robohash.org/placeatdictanumquam.png?size=100x100&set=set1,FALSE,06:46.2,39:58.9,abontineq8@gov.uk
,FALSE,16:22.2,06:33.7,bgoddardq9@howstuffworks.com
,FALSE,25:58.2,02:00.5,nharlinqa@answers.com
,FALSE,35:34.2,30:25.3,jskotcherqb@canalblog.com
,FALSE,45:10.2,02:10.9,amcilvaneyqc@uiuc.edu
https://robohash.org/commodidoloremratione.png?size=100x100&set=set1,FALSE,54:46.2,32:24.3,kwiddisonqd@usatoday.com
https://robohash.org/remofficiaest.png?size=100x100&set=set1,FALSE,04:22.2,13:02.4,redmeadesqe@foxnews.com
https://robohash.org/placeatsintut.png?size=100x100&set=set1,FALSE,13:58.2,44:15.5,lhogbenqf@usgs.gov
https://robohash.org/eaquivero.png?size=100x100&set=set1,TRUE,23:34.2,50:03.7,dlubmanqg@pcworld.com
https://robohash.org/sitvelitquidem.png?size=100x100&set=set1,FALSE,33:10.2,33:20.4,hsemarkeqh@marriott.com
,FALSE,42:46.2,51:38.8,krichmontqi@facebook.com
https://robohash.org/sitadsunt.png?size=100x100&set=set1,FALSE,52:22.2,06:39.5,golivariqj@yellowbook.com
https://robohash.org/occaecatiquiprovident.png?size=100x100&set=set1,FALSE,01:58.2,44:32.8,rsallowsqk@vkontakte.ru
,FALSE,11:34.2,12:07.5,hsmyql@wikia.com
https://robohash.org/sedblanditiiseius.png?size=100x100&set=set1,FALSE,21:10.2,53:18.1,mbottleqm@typepad.com
,FALSE,30:46.2,19:17.6,celgyqn@ameblo.jp
https://robohash.org/voluptatumquisapiente.png?size=100x100&set=set1,FALSE,40:22.2,26:34.3,bbalazinqo@nydailynews.com
https://robohash.org/quiquisint.png?size=100x100&set=set1,FALSE,49:58.2,12:40.5,wbittlesonqp@bloglovin.com
https://robohash.org/officiisutsapiente.png?size=100x100&set=set1,FALSE,59:34.2,15:02.9,blandalqq@feedburner.com
https://robohash.org/distinctiomollitiaperferendis.png?size=100x100&set=set1,FALSE,09:10.2,18:10.2,mcodeqr@aol.com
,FALSE,18:46.2,18:27.9,abillowsqs@taobao.com
https://robohash.org/debitisveniamexpedita.png?size=100x100&set=set1,FALSE,28:22.2,19:52.4,cganningqt@sitemeter.com
https://robohash.org/necessitatibusdoloremvoluptates.png?size=100x100&set=set1,FALSE,37:58.2,38:54.8,zcamoisqu@indiatimes.com
https://robohash.org/doloremaliquidquaerat.png?size=100x100&set=set1,FALSE,47:34.2,51:03.3,dfranceyqv@bandcamp.com
https://robohash.org/etvoluptatemea.png?size=100x100&set=set1,FALSE,57:10.2,22:50.4,rsamwayesqw@paypal.com
https://robohash.org/quiadoloremfuga.png?size=100x100&set=set1,FALSE,06:46.2,48:18.8,jriltonqx@sourceforge.net
,FALSE,16:22.2,27:34.0,sfetherstonqy@businessinsider.com
https://robohash.org/autemquisinventore.png?size=100x100&set=set1,FALSE,25:58.2,07:13.3,nliffqz@bbb.org
https://robohash.org/sintabnulla.png?size=100x100&set=set1,FALSE,35:34.2,36:34.5,rcover0@discuz.net
https://robohash.org/necessitatibusistenesciunt.png?size=100x100&set=set1,TRUE,45:10.2,37:13.5,zpowrier1@usatoday.com
https://robohash.org/suntculpaet.png?size=100x100&set=set1,FALSE,54:46.2,58:55.3,ddenyukinr2@dmoz.org
https://robohash.org/minimapossimusmolestiae.png?size=100x100&set=set1,FALSE,04:22.2,07:22.2,cpursglover3@ameblo.jp
https://robohash.org/sedseddelectus.png?size=100x100&set=set1,FALSE,13:58.2,20:46.6,thuntingdonr4@mediafire.com
https://robohash.org/omnisundesed.png?size=100x100&set=set1,FALSE,23:34.2,43:57.8,mclyburnr5@pagesperso-orange.fr
https://robohash.org/quibusdamveldolorum.png?size=100x100&set=set1,FALSE,33:10.2,52:00.1,eclubber6@squidoo.com
https://robohash.org/atquaeratrepellendus.png?size=100x100&set=set1,FALSE,42:46.2,10:09.6,mdandyr7@geocities.jp
,FALSE,52:22.2,06:34.5,aolunneyr8@nbcnews.com
https://robohash.org/harumdolorvelit.png?size=100x100&set=set1,FALSE,01:58.2,39:22.4,ohazeltonr9@globo.com
https://robohash.org/nihilreiciendisnisi.png?size=100x100&set=set1,FALSE,11:34.2,39:33.2,wledsonra@nifty.com
https://robohash.org/omnissedest.png?size=100x100&set=set1,FALSE,21:10.2,31:39.3,rfidelerb@angelfire.com
https://robohash.org/perferendispraesentiumharum.png?size=100x100&set=set1,FALSE,30:46.2,41:40.3,corringerc@google.co.jp
https://robohash.org/ullamautnihil.png?size=100x100&set=set1,TRUE,40:22.2,14:16.0,dolerenshawrd@marketwatch.com
https://robohash.org/omnisautemreiciendis.png?size=100x100&set=set1,FALSE,49:58.2,38:42.8,dhissettre@economist.com
https://robohash.org/quodestrepudiandae.png?size=100x100&set=set1,FALSE,59:34.2,44:56.8,pgooleyrf@thetimes.co.uk
https://robohash.org/exutreiciendis.png?size=100x100&set=set1,FALSE,09:10.2,58:33.6,orotherarg@sphinn.com
https://robohash.org/suscipitoditsint.png?size=100x100&set=set1,FALSE,18:46.2,37:51.4,bwhifenrh@devhub.com
,TRUE,28:22.2,01:40.6,bstumpri@google.fr
https://robohash.org/erroreosdolores.png?size=100x100&set=set1,FALSE,37:58.2,58:54.9,tblackadderrj@merriam-webster.com
https://robohash.org/quorepudiandaeasperiores.png?size=100x100&set=set1,FALSE,47:34.2,56:26.7,agannawayrk@sciencedaily.com
,FALSE,57:10.2,26:24.5,zsherelrl@ustream.tv
https://robohash.org/ametquamest.png?size=100x100&set=set1,FALSE,06:46.2,09:23.8,craxworthyrm@spotify.com
https://robohash.org/quovoluptasex.png?size=100x100&set=set1,FALSE,16:22.2,08:33.1,lsinern@berkeley.edu
,FALSE,25:58.2,33:21.5,smahaddiero@blogspot.com
https://robohash.org/nostrumetid.png?size=100x100&set=set1,FALSE,35:34.2,11:58.5,dmcgeochrp@discovery.com
https://robohash.org/dolorhicoptio.png?size=100x100&set=set1,FALSE,45:10.2,29:51.0,kchampagnerq@zimbio.com
https://robohash.org/explicabocorruptiinventore.png?size=100x100&set=set1,FALSE,54:46.2,54:48.0,araineyrr@uol.com.br
https://robohash.org/explicabocorruptiinventore.png?size=100x100&set=set1,FALSE,55:46.2,54:48.1,s@s.com
