product_id,product_url,product_discontinued,created_at,updated_at
1,,FALSE,04:22.2,27:39.7
2,https://robohash.org/molestiassintet.png?size=100x100&set=set1,FALSE,13:58.2,39:26.4
3,https://robohash.org/ametanimifugiat.png?size=100x100&set=set1,FALSE,23:34.2,45:41.3
4,https://robohash.org/magnamrepellendussint.png?size=100x100&set=set1,FALSE,33:10.2,52:50.2
5,,FALSE,42:46.2,03:53.3
6,https://robohash.org/magnamperferendisest.png?size=100x100&set=set1,FALSE,52:22.2,53:49.9
7,https://robohash.org/debitisnemoarchitecto.png?size=100x100&set=set1,FALSE,01:58.2,57:00.0
8,https://robohash.org/autemvelitmolestiae.png?size=100x100&set=set1,FALSE,11:34.2,04:49.0
9,,FALSE,21:10.2,26:55.0
10,https://robohash.org/cumqueestveritatis.png?size=100x100&set=set1,FALSE,30:46.2,49:17.1
11,,FALSE,40:22.2,09:49.3
12,https://robohash.org/sitprovidentporro.png?size=100x100&set=set1,FALSE,49:58.2,13:20.4
13,,FALSE,59:34.2,30:24.3
14,https://robohash.org/nesciuntexcepturiea.png?size=100x100&set=set1,FALSE,09:10.2,01:33.7
15,,FALSE,18:46.2,52:04.7
16,https://robohash.org/aboccaecatisint.png?size=100x100&set=set1,TRUE,28:22.2,17:21.3
17,https://robohash.org/harumabeum.png?size=100x100&set=set1,FALSE,37:58.2,50:17.0
18,https://robohash.org/pariaturrecusandaepossimus.png?size=100x100&set=set1,FALSE,47:34.2,44:35.9
19,https://robohash.org/doloremqueliberosapiente.png?size=100x100&set=set1,FALSE,57:10.2,30:04.6
20,https://robohash.org/teneturrepellatomnis.png?size=100x100&set=set1,FALSE,06:46.2,32:37.6
21,https://robohash.org/dolornatusin.png?size=100x100&set=set1,FALSE,16:22.2,33:39.1
22,https://robohash.org/autnecessitatibustenetur.png?size=100x100&set=set1,FALSE,25:58.2,40:38.3
23,https://robohash.org/exvoluptasvelit.png?size=100x100&set=set1,FALSE,35:34.2,20:52.0
24,https://robohash.org/suscipitvoluptatemaliquid.png?size=100x100&set=set1,FALSE,45:10.2,45:55.1
25,https://robohash.org/nihilperferendisnon.png?size=100x100&set=set1,FALSE,54:46.2,45:11.0
26,https://robohash.org/ipsummagnamqui.png?size=100x100&set=set1,FALSE,04:22.2,42:05.0
27,https://robohash.org/adprovidentrecusandae.png?size=100x100&set=set1,FALSE,13:58.2,58:50.9
28,https://robohash.org/laborumenimdolorum.png?size=100x100&set=set1,FALSE,23:34.2,45:09.6
29,,FALSE,33:10.2,37:45.1
30,https://robohash.org/etquaead.png?size=100x100&set=set1,FALSE,42:46.2,13:08.0
31,https://robohash.org/quietvero.png?size=100x100&set=set1,FALSE,52:22.2,48:02.5
32,https://robohash.org/teneturquasilaudantium.png?size=100x100&set=set1,FALSE,01:58.2,04:14.5
33,https://robohash.org/corporisremexpedita.png?size=100x100&set=set1,FALSE,11:34.2,16:12.0
34,https://robohash.org/veroestquia.png?size=100x100&set=set1,FALSE,21:10.2,40:56.4
35,https://robohash.org/placeatquosquo.png?size=100x100&set=set1,FALSE,30:46.2,26:00.4
36,https://robohash.org/estlaborumsed.png?size=100x100&set=set1,FALSE,40:22.2,08:09.8
37,https://robohash.org/natusmodivoluptatem.png?size=100x100&set=set1,FALSE,49:58.2,59:07.1
38,https://robohash.org/estsuscipitrerum.png?size=100x100&set=set1,FALSE,59:34.2,22:54.9
39,https://robohash.org/atautquod.png?size=100x100&set=set1,FALSE,09:10.2,50:00.7
40,,FALSE,18:46.2,18:25.2
41,https://robohash.org/ipsumsintvoluptatem.png?size=100x100&set=set1,FALSE,28:22.2,00:53.8
42,,FALSE,37:58.2,15:23.8
43,https://robohash.org/magnitotamipsum.png?size=100x100&set=set1,FALSE,47:34.2,15:22.7
44,https://robohash.org/voluptasvoluptatemoccaecati.png?size=100x100&set=set1,FALSE,57:10.2,20:57.6
45,https://robohash.org/rerumvoluptatemadipisci.png?size=100x100&set=set1,FALSE,06:46.2,46:36.1
46,https://robohash.org/occaecatidoloremqui.png?size=100x100&set=set1,FALSE,16:22.2,25:37.1
47,https://robohash.org/iustoprovidentmagnam.png?size=100x100&set=set1,FALSE,25:58.2,29:56.5
48,https://robohash.org/quiaofficiiset.png?size=100x100&set=set1,TRUE,35:34.2,33:15.0
49,https://robohash.org/inciduntvoluptatibuseos.png?size=100x100&set=set1,FALSE,45:10.2,24:56.2
50,,FALSE,54:46.2,49:19.4
51,https://robohash.org/harumautemrepellendus.png?size=100x100&set=set1,FALSE,04:22.2,59:13.3
52,https://robohash.org/quinostrumnecessitatibus.png?size=100x100&set=set1,FALSE,13:58.2,59:21.8
53,https://robohash.org/molestiasperspiciatisconsequatur.png?size=100x100&set=set1,FALSE,23:34.2,51:04.0
54,,FALSE,33:10.2,52:08.9
55,https://robohash.org/illumpariaturnihil.png?size=100x100&set=set1,FALSE,42:46.2,58:33.1
56,https://robohash.org/idsedvoluptas.png?size=100x100&set=set1,FALSE,52:22.2,02:41.0
57,https://robohash.org/quinonincidunt.png?size=100x100&set=set1,FALSE,01:58.2,55:15.1
58,https://robohash.org/velitnonquos.png?size=100x100&set=set1,FALSE,11:34.2,04:15.8
59,https://robohash.org/officiislaudantiumut.png?size=100x100&set=set1,FALSE,21:10.2,20:16.2
60,,FALSE,30:46.2,35:13.2
61,https://robohash.org/animirerumenim.png?size=100x100&set=set1,FALSE,40:22.2,39:16.8
62,https://robohash.org/adipiscisaepeperferendis.png?size=100x100&set=set1,FALSE,49:58.2,57:00.2
63,https://robohash.org/utnihilducimus.png?size=100x100&set=set1,FALSE,59:34.2,29:15.9
64,https://robohash.org/autetconsequuntur.png?size=100x100&set=set1,FALSE,09:10.2,03:02.5
65,https://robohash.org/doloremdoloremquetempore.png?size=100x100&set=set1,FALSE,18:46.2,03:37.9
66,,FALSE,28:22.2,06:39.5
67,https://robohash.org/cummolestiaeet.png?size=100x100&set=set1,TRUE,37:58.2,40:35.7
68,https://robohash.org/faceresintnatus.png?size=100x100&set=set1,FALSE,47:34.2,47:27.8
69,,FALSE,57:10.2,41:47.2
70,https://robohash.org/optioquidemperferendis.png?size=100x100&set=set1,TRUE,06:46.2,44:19.7
71,https://robohash.org/doloremvoluptateset.png?size=100x100&set=set1,FALSE,16:22.2,45:22.6
72,,FALSE,25:58.2,22:42.6
73,https://robohash.org/adipiscinostrumsoluta.png?size=100x100&set=set1,FALSE,35:34.2,04:27.0
74,https://robohash.org/estquasiest.png?size=100x100&set=set1,FALSE,45:10.2,00:03.9
75,https://robohash.org/sitdoloresplaceat.png?size=100x100&set=set1,FALSE,54:46.2,05:24.8
76,https://robohash.org/magnicumquas.png?size=100x100&set=set1,FALSE,04:22.2,46:34.8
77,,FALSE,13:58.2,27:45.5
78,https://robohash.org/doloresarchitectoculpa.png?size=100x100&set=set1,FALSE,23:34.2,46:16.8
79,https://robohash.org/quiaofficiaodit.png?size=100x100&set=set1,FALSE,33:10.2,27:59.6
80,https://robohash.org/excepturinatusmaiores.png?size=100x100&set=set1,FALSE,42:46.2,48:26.0
81,https://robohash.org/consequaturmollitiavoluptates.png?size=100x100&set=set1,FALSE,52:22.2,09:35.6
82,https://robohash.org/estquibusdamlaboriosam.png?size=100x100&set=set1,FALSE,01:58.2,27:15.1
83,,FALSE,11:34.2,57:43.3
84,https://robohash.org/debitisnobislabore.png?size=100x100&set=set1,FALSE,21:10.2,43:43.8
85,,FALSE,30:46.2,02:56.5
86,,FALSE,40:22.2,00:46.0
87,https://robohash.org/eaqueoditut.png?size=100x100&set=set1,FALSE,49:58.2,14:53.6
88,https://robohash.org/autemutvitae.png?size=100x100&set=set1,FALSE,59:34.2,36:13.1
89,https://robohash.org/sequietdolor.png?size=100x100&set=set1,TRUE,09:10.2,04:46.8
90,https://robohash.org/incidunterroratque.png?size=100x100&set=set1,FALSE,18:46.2,30:30.2
91,https://robohash.org/maioreseiusvel.png?size=100x100&set=set1,FALSE,28:22.2,45:45.8
92,https://robohash.org/totamabest.png?size=100x100&set=set1,FALSE,37:58.2,31:51.9
93,,FALSE,47:34.2,39:06.0
94,https://robohash.org/autquisquamlibero.png?size=100x100&set=set1,FALSE,57:10.2,28:03.9
95,https://robohash.org/consequunturrepudiandaenobis.png?size=100x100&set=set1,FALSE,06:46.2,14:24.6
96,https://robohash.org/reprehenderitautemnobis.png?size=100x100&set=set1,FALSE,16:22.2,13:28.0
97,https://robohash.org/nihilpraesentiumveritatis.png?size=100x100&set=set1,FALSE,25:58.2,20:44.7
98,https://robohash.org/autnequererum.png?size=100x100&set=set1,FALSE,35:34.2,56:21.1
99,https://robohash.org/istemagnamaliquid.png?size=100x100&set=set1,FALSE,45:10.2,43:28.1
100,https://robohash.org/quisetaut.png?size=100x100&set=set1,FALSE,54:46.2,55:30.1
101,https://robohash.org/dolorutet.png?size=100x100&set=set1,FALSE,04:22.2,21:15.9
102,,FALSE,13:58.2,04:44.2
103,https://robohash.org/magniminusdignissimos.png?size=100x100&set=set1,FALSE,23:34.2,09:21.6
104,https://robohash.org/porrodoloranimi.png?size=100x100&set=set1,FALSE,33:10.2,18:39.5
105,https://robohash.org/eumoptioadipisci.png?size=100x100&set=set1,FALSE,42:46.2,11:52.8
106,https://robohash.org/enimdebitisprovident.png?size=100x100&set=set1,FALSE,52:22.2,24:42.4
107,https://robohash.org/corporisnumquamplaceat.png?size=100x100&set=set1,FALSE,01:58.2,26:18.2
108,https://robohash.org/nemoearumet.png?size=100x100&set=set1,FALSE,11:34.2,45:08.2
109,https://robohash.org/veletin.png?size=100x100&set=set1,FALSE,21:10.2,52:11.4
110,https://robohash.org/undequinumquam.png?size=100x100&set=set1,FALSE,30:46.2,09:59.1
111,https://robohash.org/etevenietquae.png?size=100x100&set=set1,FALSE,40:22.2,53:22.7
112,,FALSE,49:58.2,01:50.7
113,,FALSE,59:34.2,37:59.0
114,https://robohash.org/iustoetab.png?size=100x100&set=set1,FALSE,09:10.2,34:38.6
115,https://robohash.org/eaautvoluptates.png?size=100x100&set=set1,FALSE,18:46.2,39:39.1
116,https://robohash.org/ametautqui.png?size=100x100&set=set1,FALSE,28:22.2,51:58.5
117,https://robohash.org/estdoloremquequaerat.png?size=100x100&set=set1,FALSE,37:58.2,26:41.7
118,https://robohash.org/etteneturvoluptates.png?size=100x100&set=set1,FALSE,47:34.2,44:59.5
119,https://robohash.org/idrepudiandaeut.png?size=100x100&set=set1,FALSE,57:10.2,32:26.4
120,,FALSE,06:46.2,17:30.5
121,https://robohash.org/quiaaliastemporibus.png?size=100x100&set=set1,FALSE,16:22.2,00:21.7
122,https://robohash.org/quiaenimdolorum.png?size=100x100&set=set1,FALSE,25:58.2,27:38.9
123,https://robohash.org/quodsedet.png?size=100x100&set=set1,FALSE,35:34.2,00:42.1
124,,FALSE,45:10.2,44:52.1
125,https://robohash.org/eosconsecteturnecessitatibus.png?size=100x100&set=set1,FALSE,54:46.2,48:42.5
126,,FALSE,04:22.2,44:32.4
127,https://robohash.org/sitquidemvoluptatem.png?size=100x100&set=set1,FALSE,13:58.2,00:10.3
128,https://robohash.org/laboredoloressunt.png?size=100x100&set=set1,FALSE,23:34.2,07:15.7
129,https://robohash.org/autemarchitectovoluptas.png?size=100x100&set=set1,FALSE,33:10.2,49:37.1
130,https://robohash.org/uterrortempora.png?size=100x100&set=set1,FALSE,42:46.2,46:01.0
131,https://robohash.org/voluptatemquieum.png?size=100x100&set=set1,FALSE,52:22.2,37:24.4
132,https://robohash.org/sintexercitationemaut.png?size=100x100&set=set1,FALSE,01:58.2,59:05.3
133,https://robohash.org/asperioresofficiaet.png?size=100x100&set=set1,FALSE,11:34.2,05:23.8
134,https://robohash.org/estadincidunt.png?size=100x100&set=set1,FALSE,21:10.2,41:36.6
135,https://robohash.org/euminciduntnihil.png?size=100x100&set=set1,FALSE,30:46.2,06:43.4
136,https://robohash.org/facilisetaliquam.png?size=100x100&set=set1,FALSE,40:22.2,54:53.1
137,https://robohash.org/quisestquo.png?size=100x100&set=set1,FALSE,49:58.2,31:42.8
138,https://robohash.org/fugiatfacereea.png?size=100x100&set=set1,FALSE,59:34.2,22:44.7
139,https://robohash.org/utsedqui.png?size=100x100&set=set1,FALSE,09:10.2,14:35.6
140,https://robohash.org/illoametsint.png?size=100x100&set=set1,FALSE,18:46.2,47:31.9
141,https://robohash.org/temporadeseruntnon.png?size=100x100&set=set1,FALSE,28:22.2,44:39.7
142,https://robohash.org/eossaepeet.png?size=100x100&set=set1,FALSE,37:58.2,22:28.3
143,,FALSE,47:34.2,06:21.2
144,,FALSE,57:10.2,48:04.3
145,https://robohash.org/molestiaefugaconsequatur.png?size=100x100&set=set1,FALSE,06:46.2,28:27.6
146,https://robohash.org/estdolorvoluptatibus.png?size=100x100&set=set1,FALSE,16:22.2,04:53.2
147,https://robohash.org/dolorporronon.png?size=100x100&set=set1,FALSE,25:58.2,25:31.7
148,https://robohash.org/recusandaesaepeminus.png?size=100x100&set=set1,FALSE,35:34.2,52:51.5
149,,FALSE,45:10.2,21:36.4
150,https://robohash.org/possimusquasiconsequuntur.png?size=100x100&set=set1,TRUE,54:46.2,25:10.2
151,https://robohash.org/isteillout.png?size=100x100&set=set1,FALSE,04:22.2,28:42.8
152,https://robohash.org/eoscommodiaccusantium.png?size=100x100&set=set1,FALSE,13:58.2,01:56.1
153,,FALSE,23:34.2,35:03.7
154,,FALSE,33:10.2,57:13.1
155,,FALSE,42:46.2,07:26.8
156,,FALSE,52:22.2,28:09.0
157,https://robohash.org/remrationeipsa.png?size=100x100&set=set1,FALSE,01:58.2,29:38.4
158,,FALSE,11:34.2,13:26.1
159,https://robohash.org/voluptasestaut.png?size=100x100&set=set1,FALSE,21:10.2,15:35.8
160,https://robohash.org/eosharumest.png?size=100x100&set=set1,FALSE,30:46.2,24:08.7
161,https://robohash.org/veliteaqueaccusantium.png?size=100x100&set=set1,FALSE,40:22.2,21:48.5
162,,FALSE,49:58.2,02:56.7
163,https://robohash.org/exercitationemquosequi.png?size=100x100&set=set1,FALSE,59:34.2,19:54.4
164,,FALSE,09:10.2,36:42.9
165,,FALSE,18:46.2,24:58.5
166,https://robohash.org/consequaturnisivelit.png?size=100x100&set=set1,FALSE,28:22.2,58:17.7
167,https://robohash.org/assumendaomnisfacilis.png?size=100x100&set=set1,FALSE,37:58.2,01:38.1
168,https://robohash.org/autemvoluptatemadipisci.png?size=100x100&set=set1,FALSE,47:34.2,48:02.4
169,,FALSE,57:10.2,02:54.7
170,https://robohash.org/quasiquiaullam.png?size=100x100&set=set1,FALSE,06:46.2,47:50.0
171,https://robohash.org/temporibusrepellendusveritatis.png?size=100x100&set=set1,TRUE,16:22.2,21:42.0
172,https://robohash.org/quisoditsed.png?size=100x100&set=set1,FALSE,25:58.2,12:16.7
173,https://robohash.org/autreprehenderitquibusdam.png?size=100x100&set=set1,FALSE,35:34.2,04:48.4
174,,FALSE,45:10.2,07:45.5
175,,FALSE,54:46.2,25:23.9
176,https://robohash.org/eumofficiadeleniti.png?size=100x100&set=set1,FALSE,04:22.2,30:48.7
177,https://robohash.org/doloremquesedrepellendus.png?size=100x100&set=set1,FALSE,13:58.2,59:33.9
178,https://robohash.org/doloremenimminima.png?size=100x100&set=set1,FALSE,23:34.2,31:57.5
179,,FALSE,33:10.2,29:32.6
180,https://robohash.org/natusdoloresqui.png?size=100x100&set=set1,FALSE,42:46.2,10:15.3
181,https://robohash.org/omnismolestiaevoluptatum.png?size=100x100&set=set1,FALSE,52:22.2,26:38.5
182,https://robohash.org/autetdeserunt.png?size=100x100&set=set1,FALSE,01:58.2,08:56.4
183,https://robohash.org/estreiciendisofficiis.png?size=100x100&set=set1,FALSE,11:34.2,04:01.2
184,https://robohash.org/voluptasplaceatautem.png?size=100x100&set=set1,FALSE,21:10.2,08:17.7
185,https://robohash.org/corporismolestiasfacilis.png?size=100x100&set=set1,FALSE,30:46.2,29:58.5
186,https://robohash.org/veritatisrepellenduserror.png?size=100x100&set=set1,FALSE,40:22.2,25:16.5
187,,FALSE,49:58.2,48:47.2
188,https://robohash.org/asperioreslaudantiumalias.png?size=100x100&set=set1,TRUE,59:34.2,21:06.3
189,https://robohash.org/ipsametet.png?size=100x100&set=set1,FALSE,09:10.2,36:00.0
190,https://robohash.org/veritatislaborumquia.png?size=100x100&set=set1,FALSE,18:46.2,32:18.5
191,https://robohash.org/reprehenderitesseenim.png?size=100x100&set=set1,FALSE,28:22.2,32:20.6
192,https://robohash.org/illonostrumvoluptas.png?size=100x100&set=set1,FALSE,37:58.2,11:22.8
193,,FALSE,47:34.2,28:41.2
194,https://robohash.org/fugitexplicabotempore.png?size=100x100&set=set1,FALSE,57:10.2,55:49.3
195,https://robohash.org/dolorquiplaceat.png?size=100x100&set=set1,FALSE,06:46.2,11:22.9
196,https://robohash.org/estquiaut.png?size=100x100&set=set1,FALSE,16:22.2,54:37.5
197,https://robohash.org/possimusetalias.png?size=100x100&set=set1,FALSE,25:58.2,50:38.4
198,https://robohash.org/eosistepraesentium.png?size=100x100&set=set1,FALSE,35:34.2,38:03.1
199,https://robohash.org/voluptatesautatque.png?size=100x100&set=set1,FALSE,45:10.2,57:32.2
200,https://robohash.org/laboreiustodistinctio.png?size=100x100&set=set1,FALSE,54:46.2,44:01.7
201,https://robohash.org/quisetin.png?size=100x100&set=set1,FALSE,04:22.2,24:29.9
202,https://robohash.org/undequasdolorem.png?size=100x100&set=set1,FALSE,13:58.2,24:37.2
203,https://robohash.org/consecteturcorruptifugiat.png?size=100x100&set=set1,FALSE,23:34.2,32:42.8
204,https://robohash.org/estexercitationemvoluptatem.png?size=100x100&set=set1,FALSE,33:10.2,56:07.0
205,https://robohash.org/autemdolorsed.png?size=100x100&set=set1,TRUE,42:46.2,31:56.5
206,https://robohash.org/modiprovidentoptio.png?size=100x100&set=set1,FALSE,52:22.2,31:53.4
207,https://robohash.org/cumquecommodiearum.png?size=100x100&set=set1,FALSE,01:58.2,59:13.3
208,https://robohash.org/voluptatemeiusunde.png?size=100x100&set=set1,FALSE,11:34.2,39:15.9
209,https://robohash.org/occaecatiillumsit.png?size=100x100&set=set1,FALSE,21:10.2,32:18.2
210,https://robohash.org/etsolutaquia.png?size=100x100&set=set1,FALSE,30:46.2,10:07.6
211,https://robohash.org/veniamquiincidunt.png?size=100x100&set=set1,FALSE,40:22.2,49:52.2
212,https://robohash.org/veroducimuset.png?size=100x100&set=set1,FALSE,49:58.2,53:00.9
213,https://robohash.org/oditautfacere.png?size=100x100&set=set1,FALSE,59:34.2,30:16.0
214,https://robohash.org/iddebitisrerum.png?size=100x100&set=set1,FALSE,09:10.2,30:50.4
215,https://robohash.org/vitaeautsaepe.png?size=100x100&set=set1,FALSE,18:46.2,04:15.5
216,https://robohash.org/voluptatemutet.png?size=100x100&set=set1,FALSE,28:22.2,51:20.5
217,https://robohash.org/aperiamliberodebitis.png?size=100x100&set=set1,FALSE,37:58.2,10:55.6
218,https://robohash.org/laudantiumnihilanimi.png?size=100x100&set=set1,FALSE,47:34.2,13:20.6
219,https://robohash.org/quidictarerum.png?size=100x100&set=set1,FALSE,57:10.2,58:47.4
220,https://robohash.org/nonperferendisreiciendis.png?size=100x100&set=set1,FALSE,06:46.2,40:58.4
221,https://robohash.org/placeatinaut.png?size=100x100&set=set1,FALSE,16:22.2,59:11.8
222,https://robohash.org/voluptatesporroaspernatur.png?size=100x100&set=set1,FALSE,25:58.2,14:24.3
223,https://robohash.org/vitaedistinctiotenetur.png?size=100x100&set=set1,FALSE,35:34.2,15:04.0
224,https://robohash.org/cumharumet.png?size=100x100&set=set1,FALSE,45:10.2,34:29.4
225,https://robohash.org/rerumlaborumvelit.png?size=100x100&set=set1,FALSE,54:46.2,14:07.3
226,https://robohash.org/laborummollitiaperspiciatis.png?size=100x100&set=set1,FALSE,04:22.2,11:03.7
227,https://robohash.org/laboreipsaneque.png?size=100x100&set=set1,FALSE,13:58.2,17:34.1
228,https://robohash.org/deseruntconsequunturquas.png?size=100x100&set=set1,FALSE,23:34.2,09:55.7
229,https://robohash.org/cumlaboreeligendi.png?size=100x100&set=set1,FALSE,33:10.2,40:54.1
230,https://robohash.org/idvelquis.png?size=100x100&set=set1,FALSE,42:46.2,19:19.5
231,https://robohash.org/delectusadfugit.png?size=100x100&set=set1,FALSE,52:22.2,02:34.5
232,https://robohash.org/exercitationemquisquamamet.png?size=100x100&set=set1,FALSE,01:58.2,22:32.6
233,https://robohash.org/etnamvoluptatem.png?size=100x100&set=set1,FALSE,11:34.2,29:05.2
234,,FALSE,21:10.2,56:18.4
235,https://robohash.org/etdistinctioaut.png?size=100x100&set=set1,FALSE,30:46.2,24:08.6
236,https://robohash.org/quiipsumet.png?size=100x100&set=set1,FALSE,40:22.2,14:54.6
237,,FALSE,49:58.2,39:44.5
238,https://robohash.org/iustovoluptasexpedita.png?size=100x100&set=set1,FALSE,59:34.2,00:27.1
239,,FALSE,09:10.2,11:44.4
240,,FALSE,18:46.2,10:45.1
241,https://robohash.org/veritatisuteius.png?size=100x100&set=set1,FALSE,28:22.2,58:52.5
242,,FALSE,37:58.2,59:17.2
243,,FALSE,47:34.2,41:43.4
244,https://robohash.org/voluptatemeligendidelectus.png?size=100x100&set=set1,FALSE,57:10.2,29:59.6
245,,FALSE,06:46.2,31:41.9
246,https://robohash.org/doloremidrepellat.png?size=100x100&set=set1,FALSE,16:22.2,53:15.7
247,https://robohash.org/quidemvoluptatemdolorem.png?size=100x100&set=set1,FALSE,25:58.2,42:31.8
248,,FALSE,35:34.2,11:54.7
249,https://robohash.org/architectoautqui.png?size=100x100&set=set1,FALSE,45:10.2,11:41.8
250,,FALSE,54:46.2,29:52.2
251,https://robohash.org/inautemminus.png?size=100x100&set=set1,FALSE,04:22.2,54:26.3
252,https://robohash.org/dolordoloresipsam.png?size=100x100&set=set1,FALSE,13:58.2,08:00.4
253,https://robohash.org/iustoquiomnis.png?size=100x100&set=set1,FALSE,23:34.2,47:08.3
254,https://robohash.org/totamvoluptatemmolestiae.png?size=100x100&set=set1,FALSE,33:10.2,20:03.4
255,https://robohash.org/saepedoloremex.png?size=100x100&set=set1,FALSE,42:46.2,52:43.5
256,https://robohash.org/iuresintquidem.png?size=100x100&set=set1,TRUE,52:22.2,19:11.1
257,https://robohash.org/blanditiisquododit.png?size=100x100&set=set1,FALSE,01:58.2,16:19.4
258,https://robohash.org/undeetveritatis.png?size=100x100&set=set1,FALSE,11:34.2,13:22.5
259,,FALSE,21:10.2,44:52.0
260,,TRUE,30:46.2,22:18.2
261,https://robohash.org/errortemporeab.png?size=100x100&set=set1,FALSE,40:22.2,20:56.7
262,https://robohash.org/impediterrordistinctio.png?size=100x100&set=set1,FALSE,49:58.2,03:17.7
263,,FALSE,59:34.2,33:56.4
264,https://robohash.org/rerumquoofficiis.png?size=100x100&set=set1,FALSE,09:10.2,03:51.4
265,https://robohash.org/eumsedquidem.png?size=100x100&set=set1,FALSE,18:46.2,50:54.6
266,,FALSE,28:22.2,03:44.9
267,https://robohash.org/deseruntfugatemporibus.png?size=100x100&set=set1,FALSE,37:58.2,12:42.4
268,https://robohash.org/maximeofficiaexcepturi.png?size=100x100&set=set1,FALSE,47:34.2,30:10.9
269,https://robohash.org/voluptassedconsequatur.png?size=100x100&set=set1,FALSE,57:10.2,51:16.9
270,https://robohash.org/quideminventorerepudiandae.png?size=100x100&set=set1,FALSE,06:46.2,50:14.3
271,https://robohash.org/maioreseligendilaudantium.png?size=100x100&set=set1,FALSE,16:22.2,40:40.4
272,https://robohash.org/nonsintaliquam.png?size=100x100&set=set1,FALSE,25:58.2,06:41.2
273,https://robohash.org/estconsecteturet.png?size=100x100&set=set1,FALSE,35:34.2,08:06.9
274,https://robohash.org/quidemvoluptatemaperiam.png?size=100x100&set=set1,FALSE,45:10.2,26:43.6
275,,FALSE,54:46.2,15:58.5
276,https://robohash.org/nisiundeautem.png?size=100x100&set=set1,FALSE,04:22.2,57:30.7
277,https://robohash.org/istevoluptatibusmagni.png?size=100x100&set=set1,FALSE,13:58.2,29:12.9
278,https://robohash.org/architectolaboreofficiis.png?size=100x100&set=set1,FALSE,23:34.2,41:29.4
279,https://robohash.org/eaquevoluptatemlabore.png?size=100x100&set=set1,FALSE,33:10.2,32:23.5
280,https://robohash.org/essesintdignissimos.png?size=100x100&set=set1,FALSE,42:46.2,08:17.4
281,https://robohash.org/suntquiad.png?size=100x100&set=set1,FALSE,52:22.2,50:16.7
282,,FALSE,01:58.2,12:47.1
283,,FALSE,11:34.2,07:11.0
284,https://robohash.org/rerumutculpa.png?size=100x100&set=set1,FALSE,21:10.2,32:37.5
285,https://robohash.org/autrerumrecusandae.png?size=100x100&set=set1,FALSE,30:46.2,33:12.4
286,https://robohash.org/quidemsimiliquequia.png?size=100x100&set=set1,FALSE,40:22.2,30:06.3
287,https://robohash.org/minimaconsecteturest.png?size=100x100&set=set1,FALSE,49:58.2,50:56.6
288,,FALSE,59:34.2,10:34.0
289,https://robohash.org/similiquecommodirecusandae.png?size=100x100&set=set1,FALSE,09:10.2,49:26.8
290,https://robohash.org/accusantiumconsequunturfugit.png?size=100x100&set=set1,FALSE,18:46.2,20:44.9
291,https://robohash.org/utipsamrerum.png?size=100x100&set=set1,FALSE,28:22.2,33:52.5
292,,FALSE,37:58.2,14:53.8
293,https://robohash.org/exsintquia.png?size=100x100&set=set1,FALSE,47:34.2,33:21.2
294,https://robohash.org/estquistemporibus.png?size=100x100&set=set1,FALSE,57:10.2,25:19.7
295,https://robohash.org/ametetdicta.png?size=100x100&set=set1,FALSE,06:46.2,07:23.9
296,https://robohash.org/quisrepellatdicta.png?size=100x100&set=set1,FALSE,16:22.2,14:15.0
297,https://robohash.org/utoccaecatiquibusdam.png?size=100x100&set=set1,TRUE,25:58.2,18:18.7
298,https://robohash.org/temporibusvitaeut.png?size=100x100&set=set1,FALSE,35:34.2,58:43.9
299,,FALSE,45:10.2,20:12.5
300,https://robohash.org/enimvoluptasvoluptates.png?size=100x100&set=set1,FALSE,54:46.2,41:09.0
301,,FALSE,04:22.2,22:41.4
302,https://robohash.org/similiqueetvel.png?size=100x100&set=set1,FALSE,13:58.2,27:41.4
303,https://robohash.org/expeditadoloresvoluptas.png?size=100x100&set=set1,FALSE,23:34.2,19:51.0
304,https://robohash.org/magnirerumet.png?size=100x100&set=set1,FALSE,33:10.2,21:36.8
305,https://robohash.org/ipsumdistinctioanimi.png?size=100x100&set=set1,FALSE,42:46.2,31:59.7
306,https://robohash.org/saepefugiatea.png?size=100x100&set=set1,FALSE,52:22.2,52:09.6
307,https://robohash.org/quisequiarchitecto.png?size=100x100&set=set1,FALSE,01:58.2,36:19.2
308,https://robohash.org/eumvoluptatesdignissimos.png?size=100x100&set=set1,FALSE,11:34.2,22:14.8
309,https://robohash.org/maximenullaquo.png?size=100x100&set=set1,FALSE,21:10.2,43:32.8
310,https://robohash.org/quisteneturalias.png?size=100x100&set=set1,FALSE,30:46.2,54:29.6
311,https://robohash.org/enimquaequia.png?size=100x100&set=set1,FALSE,40:22.2,10:03.8
312,https://robohash.org/explicaboreminventore.png?size=100x100&set=set1,FALSE,49:58.2,45:56.0
313,https://robohash.org/maiorespraesentiumet.png?size=100x100&set=set1,FALSE,59:34.2,20:14.1
314,https://robohash.org/utvoluptatema.png?size=100x100&set=set1,FALSE,09:10.2,32:42.0
315,https://robohash.org/suntcorporiset.png?size=100x100&set=set1,TRUE,18:46.2,28:12.0
316,https://robohash.org/consequaturexreiciendis.png?size=100x100&set=set1,FALSE,28:22.2,31:00.2
317,https://robohash.org/sapientererumlaboriosam.png?size=100x100&set=set1,FALSE,37:58.2,58:14.1
318,,FALSE,47:34.2,55:59.2
319,,FALSE,57:10.2,42:18.6
320,https://robohash.org/fugiatdolortenetur.png?size=100x100&set=set1,FALSE,06:46.2,53:54.1
321,https://robohash.org/autematquesunt.png?size=100x100&set=set1,FALSE,16:22.2,1/24/21 21:28
322,https://robohash.org/molestiaehicneque.png?size=100x100&set=set1,FALSE,25:58.2,03:26.1
323,https://robohash.org/undenamrecusandae.png?size=100x100&set=set1,FALSE,35:34.2,04:19.0
324,https://robohash.org/similiquesuntet.png?size=100x100&set=set1,FALSE,45:10.2,27:20.5
325,https://robohash.org/voluptatemtemporemolestias.png?size=100x100&set=set1,FALSE,54:46.2,20:37.1
326,https://robohash.org/quiaeumvoluptas.png?size=100x100&set=set1,FALSE,04:22.2,35:04.7
327,https://robohash.org/cumqueatqueexcepturi.png?size=100x100&set=set1,FALSE,13:58.2,40:56.1
328,https://robohash.org/illoquaeratvoluptatem.png?size=100x100&set=set1,FALSE,23:34.2,33:45.3
329,https://robohash.org/voluptashicnon.png?size=100x100&set=set1,FALSE,33:10.2,31:13.3
330,https://robohash.org/vitaeveniamet.png?size=100x100&set=set1,FALSE,42:46.2,53:39.5
331,https://robohash.org/quidemcumqueveritatis.png?size=100x100&set=set1,FALSE,52:22.2,02:22.6
332,https://robohash.org/solutadoloremquemollitia.png?size=100x100&set=set1,FALSE,01:58.2,10:57.7
333,https://robohash.org/earumquasiincidunt.png?size=100x100&set=set1,FALSE,11:34.2,57:04.2
334,https://robohash.org/praesentiumdoloresnon.png?size=100x100&set=set1,FALSE,21:10.2,48:59.0
335,,FALSE,30:46.2,19:11.5
336,https://robohash.org/commodidoloresvelit.png?size=100x100&set=set1,FALSE,40:22.2,19:46.4
337,https://robohash.org/autnostrumunde.png?size=100x100&set=set1,FALSE,49:58.2,41:29.5
338,https://robohash.org/harumnumquamadipisci.png?size=100x100&set=set1,FALSE,59:34.2,33:48.9
339,,FALSE,09:10.2,55:47.9
340,https://robohash.org/rerumnequeporro.png?size=100x100&set=set1,FALSE,18:46.2,59:30.6
341,https://robohash.org/eaqueharumvero.png?size=100x100&set=set1,FALSE,28:22.2,45:53.0
342,https://robohash.org/autautemaccusamus.png?size=100x100&set=set1,FALSE,37:58.2,22:28.5
343,,FALSE,47:34.2,15:42.6
344,https://robohash.org/sitevenietillum.png?size=100x100&set=set1,FALSE,57:10.2,13:20.0
345,,FALSE,06:46.2,08:21.2
346,https://robohash.org/delectuspossimusconsequatur.png?size=100x100&set=set1,FALSE,16:22.2,37:59.1
347,https://robohash.org/nihilinipsa.png?size=100x100&set=set1,FALSE,25:58.2,40:17.4
348,https://robohash.org/estnostrumex.png?size=100x100&set=set1,FALSE,35:34.2,22:47.1
349,https://robohash.org/voluptatemnonconsequatur.png?size=100x100&set=set1,FALSE,45:10.2,30:45.3
350,https://robohash.org/inventorecumqueconsequatur.png?size=100x100&set=set1,FALSE,54:46.2,58:22.7
351,,FALSE,04:22.2,51:05.1
352,https://robohash.org/etnumquamdolor.png?size=100x100&set=set1,FALSE,13:58.2,10:48.1
353,https://robohash.org/temporeminuscupiditate.png?size=100x100&set=set1,FALSE,23:34.2,11:34.9
354,https://robohash.org/ateoset.png?size=100x100&set=set1,FALSE,33:10.2,52:13.8
355,https://robohash.org/fugitmolestiaelabore.png?size=100x100&set=set1,FALSE,42:46.2,10:46.5
356,https://robohash.org/ducimusutsunt.png?size=100x100&set=set1,FALSE,52:22.2,27:03.7
357,https://robohash.org/facilisillumut.png?size=100x100&set=set1,FALSE,01:58.2,23:06.2
358,https://robohash.org/quimaximenulla.png?size=100x100&set=set1,FALSE,11:34.2,58:25.6
359,https://robohash.org/velitpariaturodio.png?size=100x100&set=set1,FALSE,21:10.2,11:49.6
360,https://robohash.org/expeditaasperioresmagni.png?size=100x100&set=set1,FALSE,30:46.2,57:34.3
361,,FALSE,40:22.2,01:20.0
362,,FALSE,49:58.2,17:24.1
363,https://robohash.org/placeattenetursit.png?size=100x100&set=set1,FALSE,59:34.2,56:58.9
364,https://robohash.org/autquiquia.png?size=100x100&set=set1,FALSE,09:10.2,39:35.7
365,https://robohash.org/animiexcepturifacere.png?size=100x100&set=set1,FALSE,18:46.2,54:23.5
366,,FALSE,28:22.2,32:55.4
367,,TRUE,37:58.2,49:25.5
368,https://robohash.org/enimiddeserunt.png?size=100x100&set=set1,FALSE,47:34.2,57:20.2
369,https://robohash.org/quaemolestiaesapiente.png?size=100x100&set=set1,FALSE,57:10.2,45:28.4
370,https://robohash.org/placeatestnemo.png?size=100x100&set=set1,FALSE,06:46.2,46:47.8
371,https://robohash.org/nonaliasincidunt.png?size=100x100&set=set1,FALSE,16:22.2,54:56.9
372,https://robohash.org/quiatemporasit.png?size=100x100&set=set1,FALSE,25:58.2,42:58.2
373,https://robohash.org/aperiamiustoblanditiis.png?size=100x100&set=set1,FALSE,35:34.2,44:26.5
374,https://robohash.org/quiquisvitae.png?size=100x100&set=set1,FALSE,45:10.2,50:17.0
375,https://robohash.org/omnisporrovelit.png?size=100x100&set=set1,FALSE,54:46.2,20:56.1
376,https://robohash.org/quaeratquiblanditiis.png?size=100x100&set=set1,FALSE,04:22.2,16:53.5
377,https://robohash.org/beataeinventoreaut.png?size=100x100&set=set1,FALSE,13:58.2,35:14.9
378,https://robohash.org/sapientecumqueiusto.png?size=100x100&set=set1,FALSE,23:34.2,25:54.4
379,https://robohash.org/doloresnamvoluptas.png?size=100x100&set=set1,FALSE,33:10.2,24:53.4
380,https://robohash.org/dictaexplicaboaliquid.png?size=100x100&set=set1,FALSE,42:46.2,24:44.2
381,https://robohash.org/repellatvelquas.png?size=100x100&set=set1,FALSE,52:22.2,04:32.2
382,https://robohash.org/omnisnonarchitecto.png?size=100x100&set=set1,FALSE,01:58.2,43:07.7
383,https://robohash.org/ullamnullaconsectetur.png?size=100x100&set=set1,FALSE,11:34.2,11:54.9
384,https://robohash.org/quasexercitationemvelit.png?size=100x100&set=set1,FALSE,21:10.2,26:04.3
385,,FALSE,30:46.2,17:54.2
386,,FALSE,40:22.2,02:15.1
387,https://robohash.org/occaecatiprovidentrepudiandae.png?size=100x100&set=set1,FALSE,49:58.2,28:40.2
388,https://robohash.org/officiisnesciuntvoluptatem.png?size=100x100&set=set1,FALSE,59:34.2,23:15.5
389,https://robohash.org/beataeillumvelit.png?size=100x100&set=set1,FALSE,09:10.2,48:29.5
390,,FALSE,18:46.2,20:34.2
391,,FALSE,28:22.2,35:55.7
392,https://robohash.org/laudantiumullamut.png?size=100x100&set=set1,FALSE,37:58.2,10:36.7
393,https://robohash.org/voluptatemmolestiaein.png?size=100x100&set=set1,FALSE,47:34.2,42:49.2
394,https://robohash.org/omnisconsequaturquam.png?size=100x100&set=set1,FALSE,57:10.2,42:01.6
395,,FALSE,06:46.2,49:42.0
396,https://robohash.org/hicillumrecusandae.png?size=100x100&set=set1,FALSE,16:22.2,44:39.1
397,https://robohash.org/dolorvoluptasquia.png?size=100x100&set=set1,FALSE,25:58.2,58:55.6
398,https://robohash.org/asperioresfugarepellat.png?size=100x100&set=set1,FALSE,35:34.2,01:43.4
399,https://robohash.org/sedvoluptatemin.png?size=100x100&set=set1,FALSE,45:10.2,49:23.7
400,,FALSE,54:46.2,36:35.4
401,https://robohash.org/accusantiumimpeditratione.png?size=100x100&set=set1,FALSE,04:22.2,43:44.3
402,https://robohash.org/auteteum.png?size=100x100&set=set1,FALSE,13:58.2,12:39.2
403,https://robohash.org/quiadelenitiad.png?size=100x100&set=set1,TRUE,23:34.2,48:14.9
404,https://robohash.org/sitcorruptinumquam.png?size=100x100&set=set1,FALSE,33:10.2,05:34.6
405,https://robohash.org/autemconsequaturnisi.png?size=100x100&set=set1,FALSE,42:46.2,15:56.1
406,https://robohash.org/quianequeexcepturi.png?size=100x100&set=set1,FALSE,52:22.2,3/3/21 22:15
407,,FALSE,01:58.2,25:16.6
408,https://robohash.org/cummollitiaet.png?size=100x100&set=set1,FALSE,11:34.2,55:17.0
409,https://robohash.org/etsimiliquemolestiae.png?size=100x100&set=set1,FALSE,21:10.2,42:48.7
410,https://robohash.org/sitquiamet.png?size=100x100&set=set1,FALSE,30:46.2,51:40.7
411,https://robohash.org/quaealiquiddebitis.png?size=100x100&set=set1,FALSE,40:22.2,48:49.5
412,https://robohash.org/eosfugitquas.png?size=100x100&set=set1,FALSE,49:58.2,13:43.2
413,https://robohash.org/doloribushicporro.png?size=100x100&set=set1,FALSE,59:34.2,21:42.3
414,https://robohash.org/iustovoluptatesid.png?size=100x100&set=set1,FALSE,09:10.2,45:59.3
415,https://robohash.org/recusandaeautexcepturi.png?size=100x100&set=set1,FALSE,18:46.2,38:12.3
416,,FALSE,28:22.2,10:20.7
417,https://robohash.org/voluptatumutet.png?size=100x100&set=set1,FALSE,37:58.2,31:36.1
418,,FALSE,47:34.2,35:31.2
419,https://robohash.org/repudiandaerepellatut.png?size=100x100&set=set1,FALSE,57:10.2,19:00.2
420,https://robohash.org/etautaliquid.png?size=100x100&set=set1,FALSE,06:46.2,32:42.2
421,https://robohash.org/excepturiveritatisvoluptates.png?size=100x100&set=set1,FALSE,16:22.2,22:45.4
422,,FALSE,25:58.2,45:06.8
423,https://robohash.org/reiciendisomnisanimi.png?size=100x100&set=set1,FALSE,35:34.2,26:48.7
424,https://robohash.org/facereharumdolorem.png?size=100x100&set=set1,FALSE,45:10.2,24:47.3
425,https://robohash.org/doloremaccusamusasperiores.png?size=100x100&set=set1,FALSE,54:46.2,19:31.4
426,https://robohash.org/sitearumsed.png?size=100x100&set=set1,FALSE,04:22.2,02:21.7
427,https://robohash.org/reprehenderithicexplicabo.png?size=100x100&set=set1,FALSE,13:58.2,40:55.4
428,https://robohash.org/quisquamexpeditaeveniet.png?size=100x100&set=set1,FALSE,23:34.2,11:40.3
429,,FALSE,33:10.2,58:59.8
430,,FALSE,42:46.2,49:11.9
431,https://robohash.org/inipsaodit.png?size=100x100&set=set1,FALSE,52:22.2,13:23.6
432,https://robohash.org/repellatnatustempora.png?size=100x100&set=set1,FALSE,01:58.2,14:09.9
433,https://robohash.org/dictamaximenecessitatibus.png?size=100x100&set=set1,FALSE,11:34.2,43:20.6
434,https://robohash.org/impeditasperioresvoluptas.png?size=100x100&set=set1,FALSE,21:10.2,31:56.4
435,https://robohash.org/quidistinctiopariatur.png?size=100x100&set=set1,FALSE,30:46.2,17:01.2
436,,FALSE,40:22.2,48:56.2
437,https://robohash.org/laudantiumsintfuga.png?size=100x100&set=set1,FALSE,49:58.2,26:29.4
438,https://robohash.org/officiisinodit.png?size=100x100&set=set1,FALSE,59:34.2,31:00.7
439,,FALSE,09:10.2,49:23.6
440,https://robohash.org/quasoptioquod.png?size=100x100&set=set1,FALSE,18:46.2,38:45.0
441,,FALSE,28:22.2,14:15.2
442,https://robohash.org/quibusdamnostrumesse.png?size=100x100&set=set1,FALSE,37:58.2,03:44.2
443,,FALSE,47:34.2,00:05.6
444,,FALSE,57:10.2,26:22.1
445,https://robohash.org/velitdoloresipsum.png?size=100x100&set=set1,FALSE,06:46.2,14:16.9
446,https://robohash.org/similiquevoluptatibusrerum.png?size=100x100&set=set1,FALSE,16:22.2,11:21.9
447,https://robohash.org/quiestcorrupti.png?size=100x100&set=set1,FALSE,25:58.2,50:36.0
448,,FALSE,35:34.2,02:35.2
449,https://robohash.org/consequaturquiaeos.png?size=100x100&set=set1,FALSE,45:10.2,23:31.4
450,https://robohash.org/etlaborequis.png?size=100x100&set=set1,FALSE,54:46.2,28:48.7
451,https://robohash.org/etsuscipitlabore.png?size=100x100&set=set1,FALSE,04:22.2,56:37.9
452,https://robohash.org/temporibusidquo.png?size=100x100&set=set1,FALSE,13:58.2,25:09.5
453,https://robohash.org/voluptatemrepellatpossimus.png?size=100x100&set=set1,FALSE,23:34.2,35:03.2
454,https://robohash.org/nostrumestdolores.png?size=100x100&set=set1,FALSE,33:10.2,20:21.3
455,,FALSE,42:46.2,06:20.3
456,https://robohash.org/nullaavoluptatem.png?size=100x100&set=set1,FALSE,52:22.2,56:35.4
457,https://robohash.org/doloremporrovoluptatibus.png?size=100x100&set=set1,FALSE,01:58.2,24:06.2
458,https://robohash.org/molestiaenullaest.png?size=100x100&set=set1,FALSE,11:34.2,47:31.8
459,,FALSE,21:10.2,04:48.5
460,https://robohash.org/quiaoccaecatieveniet.png?size=100x100&set=set1,FALSE,30:46.2,59:14.7
461,https://robohash.org/autidqui.png?size=100x100&set=set1,FALSE,40:22.2,11:51.1
462,https://robohash.org/quiconsequunturrem.png?size=100x100&set=set1,FALSE,49:58.2,00:20.3
463,https://robohash.org/pariaturerrorofficiis.png?size=100x100&set=set1,FALSE,59:34.2,33:51.3
464,https://robohash.org/etrerumquos.png?size=100x100&set=set1,FALSE,09:10.2,14:42.5
465,https://robohash.org/estinciduntdelectus.png?size=100x100&set=set1,FALSE,18:46.2,52:29.4
466,https://robohash.org/quoslaboreconsequatur.png?size=100x100&set=set1,FALSE,28:22.2,46:38.7
467,https://robohash.org/consequunturquasaut.png?size=100x100&set=set1,FALSE,37:58.2,06:35.3
468,https://robohash.org/temporererumaut.png?size=100x100&set=set1,TRUE,47:34.2,51:43.5
469,,FALSE,57:10.2,53:23.0
470,https://robohash.org/fugitquisquamaut.png?size=100x100&set=set1,FALSE,06:46.2,56:36.7
471,https://robohash.org/enimtemporibusalias.png?size=100x100&set=set1,FALSE,16:22.2,30:50.9
472,https://robohash.org/etetnihil.png?size=100x100&set=set1,FALSE,25:58.2,40:22.8
473,https://robohash.org/voluptassedvoluptas.png?size=100x100&set=set1,FALSE,35:34.2,35:27.0
474,https://robohash.org/quianequeut.png?size=100x100&set=set1,TRUE,45:10.2,10:57.8
475,,FALSE,54:46.2,39:18.0
476,,FALSE,04:22.2,42:07.9
477,,FALSE,13:58.2,48:35.2
478,https://robohash.org/voluptasrationereiciendis.png?size=100x100&set=set1,FALSE,23:34.2,14:19.1
479,https://robohash.org/iustodelenitisapiente.png?size=100x100&set=set1,FALSE,33:10.2,24:38.4
480,,FALSE,42:46.2,53:34.3
481,https://robohash.org/voluptatibusaperiamaut.png?size=100x100&set=set1,FALSE,52:22.2,30:38.6
482,,FALSE,01:58.2,01:39.4
483,,FALSE,11:34.2,49:55.2
484,,FALSE,21:10.2,36:44.9
485,https://robohash.org/dolorfugitvoluptas.png?size=100x100&set=set1,FALSE,30:46.2,08:42.8
486,https://robohash.org/sedvelitnon.png?size=100x100&set=set1,FALSE,40:22.2,42:01.6
487,https://robohash.org/molestiasquasincidunt.png?size=100x100&set=set1,FALSE,49:58.2,10:24.2
488,,FALSE,59:34.2,21:30.5
489,,FALSE,09:10.2,47:53.6
490,https://robohash.org/perferendissequiet.png?size=100x100&set=set1,FALSE,18:46.2,34:34.8
491,https://robohash.org/quosplaceatquae.png?size=100x100&set=set1,FALSE,28:22.2,33:31.7
492,,FALSE,37:58.2,31:39.2
493,https://robohash.org/temporasintpariatur.png?size=100x100&set=set1,FALSE,47:34.2,47:05.8
494,,FALSE,57:10.2,36:50.2
495,,FALSE,06:46.2,45:21.3
496,https://robohash.org/doloresporrosaepe.png?size=100x100&set=set1,FALSE,16:22.2,43:17.9
497,https://robohash.org/autestea.png?size=100x100&set=set1,FALSE,25:58.2,51:00.7
498,https://robohash.org/quamlaudantiummaiores.png?size=100x100&set=set1,FALSE,35:34.2,37:57.3
499,https://robohash.org/quivoluptasmaxime.png?size=100x100&set=set1,FALSE,45:10.2,30:13.1
500,https://robohash.org/nihilsuntillo.png?size=100x100&set=set1,FALSE,54:46.2,32:43.2
501,,FALSE,04:22.2,06:22.8
502,https://robohash.org/quaeratnullaeos.png?size=100x100&set=set1,FALSE,13:58.2,59:03.8
503,,FALSE,23:34.2,45:33.8
504,https://robohash.org/undeofficiisiusto.png?size=100x100&set=set1,FALSE,33:10.2,49:43.5
505,,FALSE,42:46.2,07:00.9
506,https://robohash.org/magniquaemolestiae.png?size=100x100&set=set1,FALSE,52:22.2,39:26.8
507,https://robohash.org/accusamusvoluptateet.png?size=100x100&set=set1,FALSE,01:58.2,48:48.1
508,https://robohash.org/ullamestvitae.png?size=100x100&set=set1,FALSE,11:34.2,22:06.8
509,https://robohash.org/namveniamadipisci.png?size=100x100&set=set1,FALSE,21:10.2,28:52.2
510,https://robohash.org/praesentiumutat.png?size=100x100&set=set1,FALSE,30:46.2,23:35.1
511,,FALSE,40:22.2,41:35.2
512,https://robohash.org/accusantiumtotamvoluptas.png?size=100x100&set=set1,FALSE,49:58.2,05:42.1
513,https://robohash.org/etinlaborum.png?size=100x100&set=set1,FALSE,59:34.2,41:40.4
514,https://robohash.org/undeducimustempora.png?size=100x100&set=set1,FALSE,09:10.2,44:15.6
515,https://robohash.org/repellatsintqui.png?size=100x100&set=set1,FALSE,18:46.2,22:27.6
516,,FALSE,28:22.2,37:50.9
517,https://robohash.org/adutincidunt.png?size=100x100&set=set1,FALSE,37:58.2,21:27.2
518,https://robohash.org/beataeillout.png?size=100x100&set=set1,FALSE,47:34.2,25:37.3
519,https://robohash.org/liberovoluptasrepudiandae.png?size=100x100&set=set1,FALSE,57:10.2,09:42.2
520,https://robohash.org/aperiamdoloremfacilis.png?size=100x100&set=set1,FALSE,06:46.2,26:55.2
521,https://robohash.org/commodimollitiaquasi.png?size=100x100&set=set1,TRUE,16:22.2,01:43.9
522,https://robohash.org/quiexpeditavoluptates.png?size=100x100&set=set1,FALSE,25:58.2,59:28.6
523,https://robohash.org/veritatisidvoluptatem.png?size=100x100&set=set1,FALSE,35:34.2,15:32.9
524,https://robohash.org/omniseaautem.png?size=100x100&set=set1,FALSE,45:10.2,44:53.4
525,https://robohash.org/autemvelsequi.png?size=100x100&set=set1,FALSE,54:46.2,56:36.6
526,https://robohash.org/adipiscivoluptasenim.png?size=100x100&set=set1,FALSE,04:22.2,59:38.2
527,https://robohash.org/ipsanequeet.png?size=100x100&set=set1,FALSE,13:58.2,52:41.7
528,https://robohash.org/necessitatibusconsequaturtempora.png?size=100x100&set=set1,FALSE,23:34.2,43:40.7
529,https://robohash.org/earumundetotam.png?size=100x100&set=set1,FALSE,33:10.2,14:28.8
530,https://robohash.org/accusamussuntvoluptatem.png?size=100x100&set=set1,FALSE,42:46.2,43:30.3
531,https://robohash.org/estpossimusipsa.png?size=100x100&set=set1,FALSE,52:22.2,07:18.2
532,https://robohash.org/magnamreprehenderititaque.png?size=100x100&set=set1,FALSE,01:58.2,39:11.3
533,https://robohash.org/rerumeiusipsam.png?size=100x100&set=set1,FALSE,11:34.2,29:51.7
534,https://robohash.org/quisquisquamoptio.png?size=100x100&set=set1,TRUE,21:10.2,11:28.9
535,,FALSE,30:46.2,39:57.4
536,https://robohash.org/omnisfacerequas.png?size=100x100&set=set1,FALSE,40:22.2,48:44.2
537,https://robohash.org/nullaarepudiandae.png?size=100x100&set=set1,FALSE,49:58.2,42:49.1
538,https://robohash.org/suntsedexcepturi.png?size=100x100&set=set1,FALSE,59:34.2,07:24.6
539,https://robohash.org/utquiavel.png?size=100x100&set=set1,FALSE,09:10.2,43:59.7
540,https://robohash.org/doloresestea.png?size=100x100&set=set1,FALSE,18:46.2,01:02.1
541,https://robohash.org/repudiandaevelillum.png?size=100x100&set=set1,FALSE,28:22.2,48:46.0
542,https://robohash.org/debitisquisqui.png?size=100x100&set=set1,TRUE,37:58.2,13:01.1
543,https://robohash.org/autemsuntfuga.png?size=100x100&set=set1,FALSE,47:34.2,04:26.2
544,https://robohash.org/quiquosquo.png?size=100x100&set=set1,FALSE,57:10.2,55:03.8
545,https://robohash.org/sednatuseligendi.png?size=100x100&set=set1,FALSE,06:46.2,10:02.7
546,https://robohash.org/veniamomnispraesentium.png?size=100x100&set=set1,FALSE,16:22.2,30:47.8
547,https://robohash.org/harumdelenitipraesentium.png?size=100x100&set=set1,FALSE,25:58.2,30:42.5
548,https://robohash.org/occaecatisitrerum.png?size=100x100&set=set1,FALSE,35:34.2,56:02.6
549,,FALSE,45:10.2,52:58.2
550,https://robohash.org/doloresteneturdolorem.png?size=100x100&set=set1,FALSE,54:46.2,07:12.8
551,https://robohash.org/reiciendisnamaccusamus.png?size=100x100&set=set1,FALSE,04:22.2,37:06.3
552,https://robohash.org/omnisipsaquia.png?size=100x100&set=set1,FALSE,13:58.2,45:35.8
553,https://robohash.org/teneturautemodio.png?size=100x100&set=set1,FALSE,23:34.2,17:41.7
554,,FALSE,33:10.2,00:17.3
555,,FALSE,42:46.2,02:55.1
556,https://robohash.org/dignissimosnonpariatur.png?size=100x100&set=set1,FALSE,52:22.2,55:59.2
557,https://robohash.org/praesentiumquiaeligendi.png?size=100x100&set=set1,FALSE,01:58.2,06:51.5
558,https://robohash.org/estutmollitia.png?size=100x100&set=set1,FALSE,11:34.2,13:24.6
559,https://robohash.org/velnatuseaque.png?size=100x100&set=set1,FALSE,21:10.2,17:22.3
560,https://robohash.org/voluptatequoet.png?size=100x100&set=set1,FALSE,30:46.2,01:23.2
561,https://robohash.org/omniseiusnumquam.png?size=100x100&set=set1,FALSE,40:22.2,25:22.8
562,https://robohash.org/inventoretemporeratione.png?size=100x100&set=set1,FALSE,49:58.2,47:32.8
563,https://robohash.org/velexercitationemest.png?size=100x100&set=set1,FALSE,59:34.2,07:19.1
564,https://robohash.org/solutainventoread.png?size=100x100&set=set1,FALSE,09:10.2,55:31.7
565,https://robohash.org/laboreutmaxime.png?size=100x100&set=set1,FALSE,18:46.2,53:14.0
566,https://robohash.org/rerumquibusdamlaudantium.png?size=100x100&set=set1,FALSE,28:22.2,56:25.2
567,https://robohash.org/molestiasdoloremquerepellat.png?size=100x100&set=set1,FALSE,37:58.2,55:25.8
568,,FALSE,47:34.2,29:02.1
569,https://robohash.org/eaqueundepariatur.png?size=100x100&set=set1,FALSE,57:10.2,36:50.2
570,https://robohash.org/suscipitestipsa.png?size=100x100&set=set1,FALSE,06:46.2,14:19.9
571,https://robohash.org/laudantiumnihilducimus.png?size=100x100&set=set1,FALSE,16:22.2,17:04.4
572,https://robohash.org/nullarerumqui.png?size=100x100&set=set1,FALSE,25:58.2,38:49.4
573,https://robohash.org/doloremcommodiipsa.png?size=100x100&set=set1,FALSE,35:34.2,07:47.8
574,,FALSE,45:10.2,59:42.7
575,https://robohash.org/ullamreprehenderitvoluptatem.png?size=100x100&set=set1,FALSE,54:46.2,08:07.2
576,https://robohash.org/nihilidet.png?size=100x100&set=set1,FALSE,04:22.2,04:00.6
577,,FALSE,13:58.2,09:39.2
578,https://robohash.org/sintenimconsequatur.png?size=100x100&set=set1,FALSE,23:34.2,56:59.2
579,https://robohash.org/quiexcepturifugit.png?size=100x100&set=set1,TRUE,33:10.2,24:34.3
580,https://robohash.org/veroconsequaturvelit.png?size=100x100&set=set1,FALSE,42:46.2,24:24.9
581,https://robohash.org/quiaideum.png?size=100x100&set=set1,FALSE,52:22.2,28:32.1
582,https://robohash.org/quiquisnatus.png?size=100x100&set=set1,TRUE,01:58.2,42:27.8
583,https://robohash.org/totamdoloribusmaxime.png?size=100x100&set=set1,FALSE,11:34.2,43:09.3
584,https://robohash.org/inventoreetenim.png?size=100x100&set=set1,FALSE,21:10.2,24:14.4
585,https://robohash.org/suscipiteosest.png?size=100x100&set=set1,FALSE,30:46.2,57:29.9
586,https://robohash.org/iurevoluptatumquo.png?size=100x100&set=set1,FALSE,40:22.2,03:26.5
587,https://robohash.org/providentvoluptasalias.png?size=100x100&set=set1,FALSE,49:58.2,24:10.1
588,https://robohash.org/voluptasrepellatvero.png?size=100x100&set=set1,FALSE,59:34.2,10:42.5
589,,FALSE,09:10.2,09:11.0
590,https://robohash.org/doloresquosest.png?size=100x100&set=set1,FALSE,18:46.2,46:22.2
591,,FALSE,28:22.2,18:39.1
592,,FALSE,37:58.2,51:28.9
593,,FALSE,47:34.2,06:46.6
594,https://robohash.org/assumendaconsequaturadipisci.png?size=100x100&set=set1,FALSE,57:10.2,58:42.3
595,https://robohash.org/eaqueeumaut.png?size=100x100&set=set1,FALSE,06:46.2,51:02.7
596,https://robohash.org/autlaboriosamillo.png?size=100x100&set=set1,FALSE,16:22.2,08:05.0
597,https://robohash.org/consecteturetipsa.png?size=100x100&set=set1,FALSE,25:58.2,06:26.4
598,https://robohash.org/inquaedolor.png?size=100x100&set=set1,FALSE,35:34.2,55:47.5
599,https://robohash.org/similiquemagnidelectus.png?size=100x100&set=set1,FALSE,45:10.2,15:32.2
600,https://robohash.org/quisnullaaliquam.png?size=100x100&set=set1,FALSE,54:46.2,31:12.4
601,https://robohash.org/temporasapienteminus.png?size=100x100&set=set1,FALSE,04:22.2,39:58.1
602,https://robohash.org/eligendiquodiste.png?size=100x100&set=set1,FALSE,13:58.2,46:24.2
603,,FALSE,23:34.2,52:57.1
604,,FALSE,33:10.2,35:17.0
605,https://robohash.org/omnisodiosunt.png?size=100x100&set=set1,FALSE,42:46.2,07:28.7
606,https://robohash.org/nemosaepenobis.png?size=100x100&set=set1,FALSE,52:22.2,22:31.1
607,https://robohash.org/earumetvel.png?size=100x100&set=set1,FALSE,01:58.2,53:28.2
608,https://robohash.org/aspernaturautet.png?size=100x100&set=set1,FALSE,11:34.2,35:23.6
609,https://robohash.org/voluptatesaquo.png?size=100x100&set=set1,FALSE,21:10.2,48:03.2
610,https://robohash.org/ducimusquosest.png?size=100x100&set=set1,FALSE,30:46.2,39:31.8
611,https://robohash.org/delectusaspernaturreiciendis.png?size=100x100&set=set1,FALSE,40:22.2,30:52.8
612,https://robohash.org/etofficiamolestiae.png?size=100x100&set=set1,FALSE,49:58.2,57:24.3
613,,FALSE,59:34.2,52:58.3
614,https://robohash.org/velitfugiateos.png?size=100x100&set=set1,FALSE,09:10.2,25:11.8
615,,FALSE,18:46.2,46:01.0
616,https://robohash.org/rerumquiconsequatur.png?size=100x100&set=set1,FALSE,28:22.2,50:22.6
617,https://robohash.org/voluptatemdolorequis.png?size=100x100&set=set1,FALSE,37:58.2,55:03.1
618,,FALSE,47:34.2,30:05.7
619,https://robohash.org/mollitiaabut.png?size=100x100&set=set1,FALSE,57:10.2,27:01.2
620,https://robohash.org/sitomnismolestias.png?size=100x100&set=set1,FALSE,06:46.2,06:31.3
621,https://robohash.org/etsuntquam.png?size=100x100&set=set1,FALSE,16:22.2,20:57.4
622,https://robohash.org/cummagnamincidunt.png?size=100x100&set=set1,FALSE,25:58.2,47:28.6
623,https://robohash.org/quoscorruptiincidunt.png?size=100x100&set=set1,FALSE,35:34.2,14:31.5
624,https://robohash.org/velitexcepturiaspernatur.png?size=100x100&set=set1,FALSE,45:10.2,57:11.5
625,https://robohash.org/consequaturcommodinon.png?size=100x100&set=set1,FALSE,54:46.2,57:46.3
626,https://robohash.org/accusantiumautemconsequuntur.png?size=100x100&set=set1,FALSE,04:22.2,38:30.1
627,https://robohash.org/consequaturestut.png?size=100x100&set=set1,FALSE,13:58.2,28:29.1
628,https://robohash.org/architectoaperiamexercitationem.png?size=100x100&set=set1,FALSE,23:34.2,21:14.9
629,,FALSE,33:10.2,35:33.2
630,,FALSE,42:46.2,45:38.0
631,https://robohash.org/eligendiquitenetur.png?size=100x100&set=set1,FALSE,52:22.2,30:37.6
632,https://robohash.org/quiaidut.png?size=100x100&set=set1,FALSE,01:58.2,32:22.6
633,https://robohash.org/ipsamnesciunteos.png?size=100x100&set=set1,FALSE,11:34.2,48:33.5
634,,FALSE,21:10.2,46:34.0
635,https://robohash.org/natusquiavoluptas.png?size=100x100&set=set1,FALSE,30:46.2,09:55.1
636,,FALSE,40:22.2,20:35.2
637,https://robohash.org/quimagnamodit.png?size=100x100&set=set1,FALSE,49:58.2,53:15.5
638,https://robohash.org/accusantiumutvoluptatibus.png?size=100x100&set=set1,FALSE,59:34.2,10:57.8
639,https://robohash.org/impediteiusquasi.png?size=100x100&set=set1,FALSE,09:10.2,33:01.3
640,https://robohash.org/maximerationenostrum.png?size=100x100&set=set1,FALSE,18:46.2,41:10.1
641,https://robohash.org/errorvelittempora.png?size=100x100&set=set1,FALSE,28:22.2,02:16.9
642,https://robohash.org/corporisperferendiscupiditate.png?size=100x100&set=set1,FALSE,37:58.2,08:31.7
643,https://robohash.org/velitincidunteligendi.png?size=100x100&set=set1,FALSE,47:34.2,19:39.6
644,,FALSE,57:10.2,54:51.5
645,https://robohash.org/solutafugadolores.png?size=100x100&set=set1,FALSE,06:46.2,48:12.8
646,https://robohash.org/quidemquiexcepturi.png?size=100x100&set=set1,FALSE,16:22.2,47:25.9
647,https://robohash.org/quivelsint.png?size=100x100&set=set1,FALSE,25:58.2,41:42.5
648,,FALSE,35:34.2,05:43.7
649,https://robohash.org/velitsuntut.png?size=100x100&set=set1,FALSE,45:10.2,56:05.6
650,https://robohash.org/sitdoloreomnis.png?size=100x100&set=set1,FALSE,54:46.2,41:35.5
651,https://robohash.org/estquamvitae.png?size=100x100&set=set1,FALSE,04:22.2,17:35.9
652,https://robohash.org/ullaministe.png?size=100x100&set=set1,FALSE,13:58.2,29:41.1
653,https://robohash.org/corporisconsequaturomnis.png?size=100x100&set=set1,TRUE,23:34.2,06:43.6
654,https://robohash.org/nonetsapiente.png?size=100x100&set=set1,FALSE,33:10.2,53:42.0
655,https://robohash.org/eligendiquosnon.png?size=100x100&set=set1,FALSE,42:46.2,15:54.1
656,,FALSE,52:22.2,40:47.8
657,https://robohash.org/sedpraesentiumsit.png?size=100x100&set=set1,FALSE,01:58.2,34:33.1
658,https://robohash.org/molestiaeducimusmaiores.png?size=100x100&set=set1,FALSE,11:34.2,26:42.1
659,https://robohash.org/aliquidlaudantiumab.png?size=100x100&set=set1,FALSE,21:10.2,04:48.7
660,https://robohash.org/fugitperferendiseligendi.png?size=100x100&set=set1,FALSE,30:46.2,34:48.9
661,https://robohash.org/sintofficialaboriosam.png?size=100x100&set=set1,FALSE,40:22.2,46:33.5
662,https://robohash.org/odiolaborummolestiae.png?size=100x100&set=set1,FALSE,49:58.2,21:08.3
663,https://robohash.org/consecteturreprehenderitut.png?size=100x100&set=set1,FALSE,59:34.2,22:07.6
664,,FALSE,09:10.2,40:09.3
665,https://robohash.org/perspiciatiseiusquidem.png?size=100x100&set=set1,FALSE,18:46.2,02:44.3
666,https://robohash.org/rationeconsequunturvel.png?size=100x100&set=set1,TRUE,28:22.2,48:00.4
667,,FALSE,37:58.2,32:34.6
668,https://robohash.org/cupiditateipsaillo.png?size=100x100&set=set1,FALSE,47:34.2,00:14.2
669,https://robohash.org/velitcumquelaudantium.png?size=100x100&set=set1,FALSE,57:10.2,02:08.9
670,https://robohash.org/extemporeofficia.png?size=100x100&set=set1,FALSE,06:46.2,26:29.3
671,https://robohash.org/teneturdoloremea.png?size=100x100&set=set1,FALSE,16:22.2,48:10.8
672,https://robohash.org/ducimussaepeaccusamus.png?size=100x100&set=set1,FALSE,25:58.2,29:23.7
673,https://robohash.org/sitautad.png?size=100x100&set=set1,FALSE,35:34.2,48:49.3
674,https://robohash.org/minimasedquam.png?size=100x100&set=set1,FALSE,45:10.2,00:24.6
675,https://robohash.org/eumidomnis.png?size=100x100&set=set1,FALSE,54:46.2,50:24.9
676,https://robohash.org/doloremqueatvoluptatem.png?size=100x100&set=set1,FALSE,04:22.2,21:06.9
677,https://robohash.org/laudantiumquidemdoloribus.png?size=100x100&set=set1,FALSE,13:58.2,52:47.2
678,,FALSE,23:34.2,57:43.0
679,https://robohash.org/autemquoblanditiis.png?size=100x100&set=set1,FALSE,33:10.2,21:36.6
680,https://robohash.org/consequunturquocommodi.png?size=100x100&set=set1,FALSE,42:46.2,32:41.8
681,,FALSE,52:22.2,57:18.9
682,,FALSE,01:58.2,27:54.4
683,https://robohash.org/adettemporibus.png?size=100x100&set=set1,FALSE,11:34.2,04:41.0
684,,FALSE,21:10.2,54:10.6
685,https://robohash.org/ducimusmagnamconsequatur.png?size=100x100&set=set1,FALSE,30:46.2,12:30.7
686,https://robohash.org/explicaboutamet.png?size=100x100&set=set1,FALSE,40:22.2,57:37.9
687,https://robohash.org/voluptatenecessitatibusaut.png?size=100x100&set=set1,FALSE,49:58.2,06:58.1
688,https://robohash.org/magnidelectusnisi.png?size=100x100&set=set1,FALSE,59:34.2,17:45.2
689,https://robohash.org/eligendiexcepturieum.png?size=100x100&set=set1,TRUE,09:10.2,09:44.5
690,https://robohash.org/odiodolorsed.png?size=100x100&set=set1,FALSE,18:46.2,34:35.6
691,https://robohash.org/quiareprehenderittemporibus.png?size=100x100&set=set1,FALSE,28:22.2,42:12.6
692,https://robohash.org/earumdictadolorem.png?size=100x100&set=set1,FALSE,37:58.2,53:20.6
693,https://robohash.org/utinciduntdolorum.png?size=100x100&set=set1,FALSE,47:34.2,43:27.2
694,,FALSE,57:10.2,37:38.8
695,https://robohash.org/verolaborebeatae.png?size=100x100&set=set1,FALSE,06:46.2,55:58.6
696,https://robohash.org/autestnon.png?size=100x100&set=set1,FALSE,16:22.2,37:51.0
697,https://robohash.org/ullamaccusamuslaborum.png?size=100x100&set=set1,TRUE,25:58.2,24:05.3
698,,FALSE,35:34.2,51:33.4
699,https://robohash.org/distinctioetsunt.png?size=100x100&set=set1,FALSE,45:10.2,05:42.7
700,https://robohash.org/aliquamilloatque.png?size=100x100&set=set1,FALSE,54:46.2,16:46.4
701,,FALSE,04:22.2,59:40.6
702,https://robohash.org/saepeutet.png?size=100x100&set=set1,FALSE,13:58.2,25:51.9
703,https://robohash.org/utrepellataut.png?size=100x100&set=set1,FALSE,23:34.2,11:51.6
704,https://robohash.org/liberonihilab.png?size=100x100&set=set1,FALSE,33:10.2,10:29.2
705,https://robohash.org/perspiciatisoptioipsam.png?size=100x100&set=set1,FALSE,42:46.2,54:25.4
706,https://robohash.org/estminusaut.png?size=100x100&set=set1,FALSE,52:22.2,36:08.9
707,https://robohash.org/consequaturdolorofficia.png?size=100x100&set=set1,FALSE,01:58.2,21:42.7
708,https://robohash.org/etevenietsed.png?size=100x100&set=set1,FALSE,11:34.2,18:47.0
709,,FALSE,21:10.2,40:47.1
710,https://robohash.org/quiavoluptateset.png?size=100x100&set=set1,FALSE,30:46.2,52:43.8
711,https://robohash.org/aliquidmolestiasodio.png?size=100x100&set=set1,FALSE,40:22.2,46:56.1
712,,FALSE,49:58.2,39:48.9
713,,FALSE,59:34.2,24:02.3
714,https://robohash.org/molestiasconsequunturtotam.png?size=100x100&set=set1,FALSE,09:10.2,35:22.4
715,,FALSE,18:46.2,07:44.1
716,,FALSE,28:22.2,51:16.0
717,https://robohash.org/debitisquidemest.png?size=100x100&set=set1,FALSE,37:58.2,50:58.9
718,https://robohash.org/eosnullaet.png?size=100x100&set=set1,FALSE,47:34.2,10:09.4
719,,FALSE,57:10.2,48:24.6
720,https://robohash.org/placeattemporefuga.png?size=100x100&set=set1,FALSE,06:46.2,54:29.6
721,,FALSE,16:22.2,32:01.9
722,https://robohash.org/autminusquia.png?size=100x100&set=set1,FALSE,25:58.2,44:47.1
723,https://robohash.org/quisquiaodio.png?size=100x100&set=set1,FALSE,35:34.2,25:34.8
724,https://robohash.org/namrepudiandaeincidunt.png?size=100x100&set=set1,FALSE,45:10.2,06:40.5
725,https://robohash.org/doloresvelvelit.png?size=100x100&set=set1,FALSE,54:46.2,20:14.8
726,https://robohash.org/cumqueeacum.png?size=100x100&set=set1,FALSE,04:22.2,59:20.6
727,https://robohash.org/omnisenimeaque.png?size=100x100&set=set1,FALSE,13:58.2,13:36.4
728,https://robohash.org/invitaedolor.png?size=100x100&set=set1,FALSE,23:34.2,58:42.9
729,,FALSE,33:10.2,26:28.8
730,https://robohash.org/utvoluptasmodi.png?size=100x100&set=set1,FALSE,42:46.2,39:40.6
731,https://robohash.org/nihilveniamesse.png?size=100x100&set=set1,FALSE,52:22.2,45:06.0
732,https://robohash.org/cumquecommodisit.png?size=100x100&set=set1,FALSE,01:58.2,40:58.5
733,https://robohash.org/iureutvelit.png?size=100x100&set=set1,FALSE,11:34.2,11:58.1
734,https://robohash.org/eiusexplicaboaccusamus.png?size=100x100&set=set1,FALSE,21:10.2,41:33.9
735,https://robohash.org/doloretut.png?size=100x100&set=set1,FALSE,30:46.2,46:37.4
736,https://robohash.org/ametdolortempore.png?size=100x100&set=set1,FALSE,40:22.2,35:08.0
737,https://robohash.org/placeatexpeditarepellendus.png?size=100x100&set=set1,FALSE,49:58.2,20:07.8
738,https://robohash.org/corruptisuntodio.png?size=100x100&set=set1,FALSE,59:34.2,53:49.5
739,https://robohash.org/aetvelit.png?size=100x100&set=set1,FALSE,09:10.2,30:05.8
740,https://robohash.org/molestiaequaevoluptate.png?size=100x100&set=set1,FALSE,18:46.2,41:11.9
741,https://robohash.org/nequemolestiasnon.png?size=100x100&set=set1,FALSE,28:22.2,56:09.5
742,https://robohash.org/maximeaddelectus.png?size=100x100&set=set1,FALSE,37:58.2,37:57.1
743,,FALSE,47:34.2,29:21.1
744,https://robohash.org/temporibustotamanimi.png?size=100x100&set=set1,FALSE,57:10.2,44:17.6
745,https://robohash.org/autbeataeducimus.png?size=100x100&set=set1,FALSE,06:46.2,15:13.2
746,https://robohash.org/voluptasdoloresodit.png?size=100x100&set=set1,TRUE,16:22.2,29:19.8
747,https://robohash.org/accusamusminuset.png?size=100x100&set=set1,FALSE,25:58.2,16:13.7
748,,TRUE,35:34.2,59:17.5
749,https://robohash.org/consequaturexpeditanon.png?size=100x100&set=set1,FALSE,45:10.2,34:10.2
750,https://robohash.org/autmodialiquam.png?size=100x100&set=set1,FALSE,54:46.2,57:10.7
751,https://robohash.org/vitaecorruptideleniti.png?size=100x100&set=set1,FALSE,04:22.2,23:16.8
752,https://robohash.org/dolorumvoluptatemdolor.png?size=100x100&set=set1,FALSE,13:58.2,55:57.3
753,,TRUE,23:34.2,03:08.4
754,https://robohash.org/autsitdolorem.png?size=100x100&set=set1,FALSE,33:10.2,17:55.9
755,https://robohash.org/voluptassimiliqueex.png?size=100x100&set=set1,FALSE,42:46.2,35:35.9
756,https://robohash.org/voluptatemharumomnis.png?size=100x100&set=set1,FALSE,52:22.2,07:46.2
757,https://robohash.org/temporacumqueaut.png?size=100x100&set=set1,TRUE,01:58.2,08:38.4
758,https://robohash.org/facilisexcepturiautem.png?size=100x100&set=set1,FALSE,11:34.2,13:40.6
759,https://robohash.org/evenietaccusamusasperiores.png?size=100x100&set=set1,FALSE,21:10.2,58:25.8
760,https://robohash.org/harumconsequaturvoluptatem.png?size=100x100&set=set1,FALSE,30:46.2,57:34.3
761,https://robohash.org/laboreexcepturiquidem.png?size=100x100&set=set1,FALSE,40:22.2,37:58.3
762,https://robohash.org/laborefacilisesse.png?size=100x100&set=set1,FALSE,49:58.2,11:10.3
763,https://robohash.org/seddistinctiocumque.png?size=100x100&set=set1,FALSE,59:34.2,29:03.0
764,,FALSE,09:10.2,41:50.6
765,,FALSE,18:46.2,19:52.0
766,https://robohash.org/solutaofficiisut.png?size=100x100&set=set1,TRUE,28:22.2,37:01.5
767,,FALSE,37:58.2,14:21.2
768,https://robohash.org/laudantiumenimcumque.png?size=100x100&set=set1,FALSE,47:34.2,02:34.5
769,https://robohash.org/sedconsecteturqui.png?size=100x100&set=set1,FALSE,57:10.2,43:21.3
770,https://robohash.org/ullammollitiaet.png?size=100x100&set=set1,TRUE,06:46.2,36:46.8
771,,FALSE,16:22.2,02:05.6
772,https://robohash.org/utaccusantiumomnis.png?size=100x100&set=set1,FALSE,25:58.2,26:25.3
773,https://robohash.org/necessitatibusutaut.png?size=100x100&set=set1,FALSE,35:34.2,13:34.6
774,https://robohash.org/molestiaeremnecessitatibus.png?size=100x100&set=set1,FALSE,45:10.2,10:32.7
775,https://robohash.org/estquirepellat.png?size=100x100&set=set1,FALSE,54:46.2,45:12.6
776,,FALSE,04:22.2,53:47.3
777,https://robohash.org/aliquidsedpariatur.png?size=100x100&set=set1,FALSE,13:58.2,02:08.0
778,https://robohash.org/voluptatumexpeditaad.png?size=100x100&set=set1,FALSE,23:34.2,17:44.1
779,https://robohash.org/etquiafacilis.png?size=100x100&set=set1,FALSE,33:10.2,19:38.0
780,https://robohash.org/dolornamminima.png?size=100x100&set=set1,TRUE,42:46.2,28:40.5
781,https://robohash.org/ipsaetsit.png?size=100x100&set=set1,FALSE,52:22.2,42:20.8
782,https://robohash.org/ullamteneturplaceat.png?size=100x100&set=set1,FALSE,01:58.2,41:09.8
783,https://robohash.org/providentdoloresamet.png?size=100x100&set=set1,FALSE,11:34.2,48:40.5
784,https://robohash.org/ullamestreiciendis.png?size=100x100&set=set1,FALSE,21:10.2,03:21.5
785,https://robohash.org/exercitationemquodillo.png?size=100x100&set=set1,FALSE,30:46.2,07:49.7
786,https://robohash.org/noneosest.png?size=100x100&set=set1,FALSE,40:22.2,39:58.6
787,https://robohash.org/istequodlibero.png?size=100x100&set=set1,FALSE,49:58.2,57:24.3
788,,FALSE,59:34.2,01:25.7
789,https://robohash.org/magnamsequicupiditate.png?size=100x100&set=set1,FALSE,09:10.2,11:22.3
790,https://robohash.org/quisperspiciatishic.png?size=100x100&set=set1,FALSE,18:46.2,56:01.7
791,https://robohash.org/etdistinctioenim.png?size=100x100&set=set1,FALSE,28:22.2,31:26.9
792,https://robohash.org/asperioresestharum.png?size=100x100&set=set1,FALSE,37:58.2,11:42.7
793,https://robohash.org/quiaofficiisasperiores.png?size=100x100&set=set1,FALSE,47:34.2,47:43.5
794,https://robohash.org/necessitatibusharumatque.png?size=100x100&set=set1,FALSE,57:10.2,11:02.2
795,https://robohash.org/ipsavoluptatesplaceat.png?size=100x100&set=set1,FALSE,06:46.2,50:20.5
796,https://robohash.org/insintveritatis.png?size=100x100&set=set1,FALSE,16:22.2,54:55.3
797,https://robohash.org/quodignissimosquis.png?size=100x100&set=set1,FALSE,25:58.2,17:43.2
798,https://robohash.org/maioresperspiciatisvoluptas.png?size=100x100&set=set1,FALSE,35:34.2,11:14.9
799,https://robohash.org/sintdebitisquibusdam.png?size=100x100&set=set1,FALSE,45:10.2,17:39.5
800,https://robohash.org/delectusetmollitia.png?size=100x100&set=set1,FALSE,54:46.2,42:31.9
801,https://robohash.org/quiadoloremqueunde.png?size=100x100&set=set1,FALSE,04:22.2,54:50.8
802,https://robohash.org/utveritatisdolor.png?size=100x100&set=set1,FALSE,13:58.2,02:16.4
803,https://robohash.org/recusandaedoloribusest.png?size=100x100&set=set1,FALSE,23:34.2,00:05.3
804,https://robohash.org/quianamillo.png?size=100x100&set=set1,FALSE,33:10.2,51:46.0
805,https://robohash.org/occaecatinobisvitae.png?size=100x100&set=set1,FALSE,42:46.2,42:46.1
806,https://robohash.org/sedsapientedelectus.png?size=100x100&set=set1,FALSE,52:22.2,57:07.2
807,,FALSE,01:58.2,41:10.8
808,,TRUE,11:34.2,24:57.2
809,https://robohash.org/possimuscupiditateoptio.png?size=100x100&set=set1,FALSE,21:10.2,27:22.8
810,,FALSE,30:46.2,39:10.6
811,https://robohash.org/accusantiumquaeratarchitecto.png?size=100x100&set=set1,FALSE,40:22.2,56:47.9
812,,FALSE,49:58.2,28:33.1
813,https://robohash.org/illovoluptatibusrerum.png?size=100x100&set=set1,FALSE,59:34.2,40:05.0
814,https://robohash.org/voluptatemexcepturinatus.png?size=100x100&set=set1,FALSE,09:10.2,12:53.0
815,https://robohash.org/evenietautdolorum.png?size=100x100&set=set1,FALSE,18:46.2,03:40.0
816,https://robohash.org/atquevoluptatemalias.png?size=100x100&set=set1,TRUE,28:22.2,50:12.7
817,https://robohash.org/architectoaperiamdeserunt.png?size=100x100&set=set1,FALSE,37:58.2,57:50.8
818,https://robohash.org/autemsuscipitrepellendus.png?size=100x100&set=set1,FALSE,47:34.2,13:37.9
819,https://robohash.org/voluptatevoluptatesatque.png?size=100x100&set=set1,FALSE,57:10.2,01:48.5
820,,FALSE,06:46.2,16:59.0
821,,FALSE,16:22.2,36:44.9
822,https://robohash.org/totamrecusandaeomnis.png?size=100x100&set=set1,FALSE,25:58.2,29:37.7
823,,FALSE,35:34.2,44:10.3
824,https://robohash.org/inciduntvoluptatumqui.png?size=100x100&set=set1,FALSE,45:10.2,58:57.8
825,https://robohash.org/exercitationemcumquequia.png?size=100x100&set=set1,FALSE,54:46.2,42:58.4
826,,FALSE,04:22.2,01:38.4
827,,FALSE,13:58.2,37:09.0
828,https://robohash.org/sitnoniure.png?size=100x100&set=set1,FALSE,23:34.2,42:21.8
829,https://robohash.org/quisnonesse.png?size=100x100&set=set1,FALSE,33:10.2,06:53.6
830,https://robohash.org/providentrepellendusmaxime.png?size=100x100&set=set1,FALSE,42:46.2,17:04.0
831,https://robohash.org/voluptatemhicaccusamus.png?size=100x100&set=set1,FALSE,52:22.2,48:04.7
832,https://robohash.org/necessitatibusblanditiisquis.png?size=100x100&set=set1,FALSE,01:58.2,34:52.0
833,https://robohash.org/cumdelenitinecessitatibus.png?size=100x100&set=set1,FALSE,11:34.2,56:18.4
834,https://robohash.org/ullamutmagni.png?size=100x100&set=set1,FALSE,21:10.2,28:11.4
835,,FALSE,30:46.2,14:10.6
836,,FALSE,40:22.2,08:31.9
837,,FALSE,49:58.2,37:34.8
838,https://robohash.org/ullameiusquia.png?size=100x100&set=set1,FALSE,59:34.2,27:51.3
839,https://robohash.org/estdoloremqueharum.png?size=100x100&set=set1,FALSE,09:10.2,55:34.9
840,,FALSE,18:46.2,55:22.8
841,https://robohash.org/praesentiumetmollitia.png?size=100x100&set=set1,FALSE,28:22.2,05:39.3
842,,FALSE,37:58.2,01:16.0
843,,FALSE,47:34.2,48:05.5
844,https://robohash.org/nobiseumenim.png?size=100x100&set=set1,FALSE,57:10.2,16:04.7
845,https://robohash.org/velitnondolorem.png?size=100x100&set=set1,FALSE,06:46.2,00:09.9
846,https://robohash.org/doloremdeseruntplaceat.png?size=100x100&set=set1,FALSE,16:22.2,59:55.5
847,https://robohash.org/quidemteneturomnis.png?size=100x100&set=set1,FALSE,25:58.2,26:45.0
848,https://robohash.org/modilaborumomnis.png?size=100x100&set=set1,FALSE,35:34.2,04:40.0
849,https://robohash.org/voluptateperferendisconsequatur.png?size=100x100&set=set1,FALSE,45:10.2,21:08.5
850,,FALSE,54:46.2,15:47.5
851,,FALSE,04:22.2,07:42.0
852,,FALSE,13:58.2,02:05.0
853,https://robohash.org/liberonumquamvelit.png?size=100x100&set=set1,FALSE,23:34.2,47:57.8
854,https://robohash.org/reiciendisvoluptatesesse.png?size=100x100&set=set1,FALSE,33:10.2,46:05.6
855,,FALSE,42:46.2,14:15.8
856,,FALSE,52:22.2,58:48.8
857,https://robohash.org/etvelsit.png?size=100x100&set=set1,FALSE,01:58.2,22:25.5
858,,FALSE,11:34.2,35:13.2
859,https://robohash.org/natusquiiure.png?size=100x100&set=set1,FALSE,21:10.2,20:40.6
860,,TRUE,30:46.2,48:38.9
861,https://robohash.org/utquaeratmaiores.png?size=100x100&set=set1,FALSE,40:22.2,35:54.4
862,https://robohash.org/adipiscicorruptiperspiciatis.png?size=100x100&set=set1,FALSE,49:58.2,47:32.6
863,,FALSE,59:34.2,58:52.4
864,https://robohash.org/laboreabquia.png?size=100x100&set=set1,FALSE,09:10.2,11:25.4
865,,TRUE,18:46.2,12:32.4
866,,FALSE,28:22.2,05:20.9
867,https://robohash.org/omnisitaquenam.png?size=100x100&set=set1,FALSE,37:58.2,06:04.6
868,,FALSE,47:34.2,56:09.8
869,https://robohash.org/inventorequasvoluptatem.png?size=100x100&set=set1,FALSE,57:10.2,44:12.6
870,https://robohash.org/undearchitectoenim.png?size=100x100&set=set1,FALSE,06:46.2,32:13.0
871,https://robohash.org/eumdolorequo.png?size=100x100&set=set1,FALSE,16:22.2,32:05.3
872,,FALSE,25:58.2,58:15.0
873,https://robohash.org/porroconsequaturquia.png?size=100x100&set=set1,FALSE,35:34.2,17:14.7
874,,FALSE,45:10.2,20:43.6
875,https://robohash.org/maioresodioquis.png?size=100x100&set=set1,FALSE,54:46.2,03:05.7
876,,FALSE,04:22.2,12:44.4
877,https://robohash.org/molestiaeexplicaboillo.png?size=100x100&set=set1,FALSE,13:58.2,46:20.7
878,https://robohash.org/cupiditatevoluptatemnisi.png?size=100x100&set=set1,FALSE,23:34.2,28:51.0
879,,FALSE,33:10.2,01:16.6
880,,TRUE,42:46.2,35:31.2
881,,FALSE,52:22.2,09:29.3
882,https://robohash.org/rerumnammagni.png?size=100x100&set=set1,FALSE,01:58.2,38:19.3
883,https://robohash.org/utquoquia.png?size=100x100&set=set1,TRUE,11:34.2,02:57.3
884,https://robohash.org/adaperiamdoloremque.png?size=100x100&set=set1,FALSE,21:10.2,47:52.0
885,https://robohash.org/molestiaeanimisint.png?size=100x100&set=set1,FALSE,30:46.2,51:36.8
886,https://robohash.org/laborumexcepturiquis.png?size=100x100&set=set1,FALSE,40:22.2,55:20.8
887,https://robohash.org/possimusconsecteturmagnam.png?size=100x100&set=set1,FALSE,49:58.2,48:26.5
888,https://robohash.org/ullamconsecteturaspernatur.png?size=100x100&set=set1,FALSE,59:34.2,23:36.8
889,https://robohash.org/placeatvelitid.png?size=100x100&set=set1,FALSE,09:10.2,05:11.0
890,https://robohash.org/esseetsed.png?size=100x100&set=set1,FALSE,18:46.2,37:56.2
891,https://robohash.org/nostrumdoloremquetempora.png?size=100x100&set=set1,FALSE,28:22.2,17:01.5
892,https://robohash.org/praesentiumliberoin.png?size=100x100&set=set1,FALSE,37:58.2,08:04.7
893,https://robohash.org/laboriosameumasperiores.png?size=100x100&set=set1,FALSE,47:34.2,18:35.8
894,https://robohash.org/reiciendisquisquamquaerat.png?size=100x100&set=set1,FALSE,57:10.2,35:26.0
895,https://robohash.org/providentadipisciperspiciatis.png?size=100x100&set=set1,FALSE,06:46.2,49:30.7
896,https://robohash.org/etfugittempora.png?size=100x100&set=set1,FALSE,16:22.2,17:42.1
897,https://robohash.org/dolorumdoloremillo.png?size=100x100&set=set1,FALSE,25:58.2,33:14.5
898,https://robohash.org/sitvitaeipsam.png?size=100x100&set=set1,FALSE,35:34.2,57:26.3
899,https://robohash.org/voluptatenequererum.png?size=100x100&set=set1,FALSE,45:10.2,04:57.7
900,https://robohash.org/nisinihilperspiciatis.png?size=100x100&set=set1,FALSE,54:46.2,59:06.7
901,https://robohash.org/impeditmaioresaut.png?size=100x100&set=set1,FALSE,04:22.2,52:46.5
902,https://robohash.org/necessitatibusminimaharum.png?size=100x100&set=set1,FALSE,13:58.2,42:17.7
903,https://robohash.org/itaquenumquamiusto.png?size=100x100&set=set1,FALSE,23:34.2,47:43.6
904,https://robohash.org/temporibusquamenim.png?size=100x100&set=set1,FALSE,33:10.2,07:53.6
905,https://robohash.org/hicassumendaimpedit.png?size=100x100&set=set1,FALSE,42:46.2,56:58.3
906,,FALSE,52:22.2,18:03.4
907,https://robohash.org/aperiamnisieum.png?size=100x100&set=set1,FALSE,01:58.2,23:34.2
908,https://robohash.org/inciduntomnisquae.png?size=100x100&set=set1,FALSE,11:34.2,01:03.8
909,https://robohash.org/temporibuspariaturdeleniti.png?size=100x100&set=set1,FALSE,21:10.2,19:36.4
910,https://robohash.org/etevenieterror.png?size=100x100&set=set1,FALSE,30:46.2,29:10.5
911,https://robohash.org/beataeconsequatureveniet.png?size=100x100&set=set1,FALSE,40:22.2,30:22.4
912,,FALSE,49:58.2,39:38.6
913,,FALSE,59:34.2,38:41.8
914,https://robohash.org/cupiditatesedcorporis.png?size=100x100&set=set1,FALSE,09:10.2,44:14.4
915,https://robohash.org/eavoluptasquo.png?size=100x100&set=set1,FALSE,18:46.2,47:01.9
916,https://robohash.org/adipisciquasmolestias.png?size=100x100&set=set1,TRUE,28:22.2,37:46.9
917,https://robohash.org/inciduntmolestiaesed.png?size=100x100&set=set1,FALSE,37:58.2,00:39.0
918,,FALSE,47:34.2,27:52.8
919,https://robohash.org/namlaboreet.png?size=100x100&set=set1,FALSE,57:10.2,14:25.5
920,https://robohash.org/harumsapientefuga.png?size=100x100&set=set1,FALSE,06:46.2,21:17.6
921,https://robohash.org/officiaconsequaturomnis.png?size=100x100&set=set1,FALSE,16:22.2,40:07.9
922,https://robohash.org/quisnullavel.png?size=100x100&set=set1,FALSE,25:58.2,44:48.7
923,https://robohash.org/etminimaaut.png?size=100x100&set=set1,FALSE,35:34.2,17:37.2
924,,FALSE,45:10.2,43:29.1
925,,FALSE,54:46.2,12:18.4
926,,FALSE,04:22.2,51:55.1
927,https://robohash.org/estutlabore.png?size=100x100&set=set1,FALSE,13:58.2,55:01.2
928,https://robohash.org/quisaspernaturconsequuntur.png?size=100x100&set=set1,FALSE,23:34.2,00:40.3
929,https://robohash.org/molestiasdictavoluptatem.png?size=100x100&set=set1,TRUE,33:10.2,03:01.5
930,https://robohash.org/modifacilisaut.png?size=100x100&set=set1,FALSE,42:46.2,04:48.8
931,https://robohash.org/harumestad.png?size=100x100&set=set1,FALSE,52:22.2,13:15.8
932,https://robohash.org/nesciuntnostrumquo.png?size=100x100&set=set1,FALSE,01:58.2,19:10.2
933,https://robohash.org/autestrerum.png?size=100x100&set=set1,FALSE,11:34.2,15:03.3
934,https://robohash.org/fugavoluptasculpa.png?size=100x100&set=set1,FALSE,21:10.2,01:06.1
935,https://robohash.org/fugiatblanditiisexpedita.png?size=100x100&set=set1,FALSE,30:46.2,10:26.5
936,,FALSE,40:22.2,56:55.6
937,https://robohash.org/etetsapiente.png?size=100x100&set=set1,FALSE,49:58.2,08:54.0
938,https://robohash.org/pariaturlaborumvoluptas.png?size=100x100&set=set1,FALSE,59:34.2,29:26.8
939,https://robohash.org/quasilaborevoluptatem.png?size=100x100&set=set1,FALSE,09:10.2,59:01.9
940,https://robohash.org/sittotamaut.png?size=100x100&set=set1,FALSE,18:46.2,52:23.7
941,https://robohash.org/porroevenietquia.png?size=100x100&set=set1,FALSE,28:22.2,58:57.1
942,https://robohash.org/necessitatibusnatusea.png?size=100x100&set=set1,FALSE,37:58.2,15:24.4
943,https://robohash.org/facerequitempore.png?size=100x100&set=set1,FALSE,47:34.2,03:38.1
944,https://robohash.org/quibusdamaliquamet.png?size=100x100&set=set1,FALSE,57:10.2,01:58.4
945,https://robohash.org/placeatdictanumquam.png?size=100x100&set=set1,FALSE,06:46.2,39:58.9
946,,FALSE,16:22.2,06:33.7
947,,FALSE,25:58.2,02:00.5
948,,FALSE,35:34.2,30:25.3
949,,FALSE,45:10.2,02:10.9
950,https://robohash.org/commodidoloremratione.png?size=100x100&set=set1,FALSE,54:46.2,32:24.3
951,https://robohash.org/remofficiaest.png?size=100x100&set=set1,FALSE,04:22.2,13:02.4
952,https://robohash.org/placeatsintut.png?size=100x100&set=set1,FALSE,13:58.2,44:15.5
953,https://robohash.org/eaquivero.png?size=100x100&set=set1,TRUE,23:34.2,50:03.7
954,https://robohash.org/sitvelitquidem.png?size=100x100&set=set1,FALSE,33:10.2,33:20.4
955,,FALSE,42:46.2,51:38.8
956,https://robohash.org/sitadsunt.png?size=100x100&set=set1,FALSE,52:22.2,06:39.5
957,https://robohash.org/occaecatiquiprovident.png?size=100x100&set=set1,FALSE,01:58.2,44:32.8
958,,FALSE,11:34.2,12:07.5
959,https://robohash.org/sedblanditiiseius.png?size=100x100&set=set1,FALSE,21:10.2,53:18.1
960,,FALSE,30:46.2,19:17.6
961,https://robohash.org/voluptatumquisapiente.png?size=100x100&set=set1,FALSE,40:22.2,26:34.3
962,https://robohash.org/quiquisint.png?size=100x100&set=set1,FALSE,49:58.2,12:40.5
963,https://robohash.org/officiisutsapiente.png?size=100x100&set=set1,FALSE,59:34.2,15:02.9
964,https://robohash.org/distinctiomollitiaperferendis.png?size=100x100&set=set1,FALSE,09:10.2,18:10.2
965,,FALSE,18:46.2,18:27.9
966,https://robohash.org/debitisveniamexpedita.png?size=100x100&set=set1,FALSE,28:22.2,19:52.4
967,https://robohash.org/necessitatibusdoloremvoluptates.png?size=100x100&set=set1,FALSE,37:58.2,38:54.8
968,https://robohash.org/doloremaliquidquaerat.png?size=100x100&set=set1,FALSE,47:34.2,51:03.3
969,https://robohash.org/etvoluptatemea.png?size=100x100&set=set1,FALSE,57:10.2,22:50.4
970,https://robohash.org/quiadoloremfuga.png?size=100x100&set=set1,FALSE,06:46.2,48:18.8
971,,FALSE,16:22.2,27:34.0
972,https://robohash.org/autemquisinventore.png?size=100x100&set=set1,FALSE,25:58.2,07:13.3
973,https://robohash.org/sintabnulla.png?size=100x100&set=set1,FALSE,35:34.2,36:34.5
974,https://robohash.org/necessitatibusistenesciunt.png?size=100x100&set=set1,TRUE,45:10.2,37:13.5
975,https://robohash.org/suntculpaet.png?size=100x100&set=set1,FALSE,54:46.2,58:55.3
976,https://robohash.org/minimapossimusmolestiae.png?size=100x100&set=set1,FALSE,04:22.2,07:22.2
977,https://robohash.org/sedseddelectus.png?size=100x100&set=set1,FALSE,13:58.2,20:46.6
978,https://robohash.org/omnisundesed.png?size=100x100&set=set1,FALSE,23:34.2,43:57.8
979,https://robohash.org/quibusdamveldolorum.png?size=100x100&set=set1,FALSE,33:10.2,52:00.1
980,https://robohash.org/atquaeratrepellendus.png?size=100x100&set=set1,FALSE,42:46.2,10:09.6
981,,FALSE,52:22.2,06:34.5
982,https://robohash.org/harumdolorvelit.png?size=100x100&set=set1,FALSE,01:58.2,39:22.4
983,https://robohash.org/nihilreiciendisnisi.png?size=100x100&set=set1,FALSE,11:34.2,39:33.2
984,https://robohash.org/omnissedest.png?size=100x100&set=set1,FALSE,21:10.2,31:39.3
985,https://robohash.org/perferendispraesentiumharum.png?size=100x100&set=set1,FALSE,30:46.2,41:40.3
986,https://robohash.org/ullamautnihil.png?size=100x100&set=set1,TRUE,40:22.2,14:16.0
987,https://robohash.org/omnisautemreiciendis.png?size=100x100&set=set1,FALSE,49:58.2,38:42.8
988,https://robohash.org/quodestrepudiandae.png?size=100x100&set=set1,FALSE,59:34.2,44:56.8
989,https://robohash.org/exutreiciendis.png?size=100x100&set=set1,FALSE,09:10.2,58:33.6
990,https://robohash.org/suscipitoditsint.png?size=100x100&set=set1,FALSE,18:46.2,37:51.4
991,,TRUE,28:22.2,01:40.6
992,https://robohash.org/erroreosdolores.png?size=100x100&set=set1,FALSE,37:58.2,58:54.9
993,https://robohash.org/quorepudiandaeasperiores.png?size=100x100&set=set1,FALSE,47:34.2,56:26.7
994,,FALSE,57:10.2,26:24.5
995,https://robohash.org/ametquamest.png?size=100x100&set=set1,FALSE,06:46.2,09:23.8
996,https://robohash.org/quovoluptasex.png?size=100x100&set=set1,FALSE,16:22.2,08:33.1
997,,FALSE,25:58.2,33:21.5
998,https://robohash.org/nostrumetid.png?size=100x100&set=set1,FALSE,35:34.2,11:58.5
999,https://robohash.org/dolorhicoptio.png?size=100x100&set=set1,FALSE,45:10.2,29:51.0
1000,https://robohash.org/explicabocorruptiinventore.png?size=100x100&set=set1,FALSE,54:46.2,54:48.0
1001,https://robohash.org/explicabocorruptiinventore.png?size=100x100&set=set1,FALSE,55:46.2,54:48.1
